Alexander (R-TN),Ayotte (R-NH),Baldwin (D-WI),Barrasso (R-WY),Baucus (D-MT),Begich (D-AK),Bennet (D-CO),Blumenthal (D-CT),Blunt (R-MO),Booker (D-NJ),Boozman (R-AR),Boxer (D-CA),Brown (D-OH),Burr (R-NC),Cantwell (D-WA),Cardin (D-MD),Carper (D-DE),Casey (D-PA),Chambliss (R-GA),Coats (R-IN),Coburn (R-OK),Cochran (R-MS),Collins (R-ME),Coons (D-DE),Corker (R-TN),Cornyn (R-TX),Crapo (R-ID),Cruz (R-TX),Donnelly (D-IN),Durbin (D-IL),Enzi (R-WY),Feinstein (D-CA),Fischer (R-NE),Flake (R-AZ),Franken (D-MN),Gillibrand (D-NY),Graham (R-SC),Grassley (R-IA),Hagan (D-NC),Harkin (D-IA),Hatch (R-UT),Heinrich (D-NM),Heitkamp (D-ND),Heller (R-NV),Hirono (D-HI),Hoeven (R-ND),Inhofe (R-OK),Isakson (R-GA),Johanns (R-NE),Johnson (D-SD),Johnson (R-WI),Kaine (D-VA),King (I-ME),Kirk (R-IL),Klobuchar (D-MN),Landrieu (D-LA),Leahy (D-VT),Lee (R-UT),Levin (D-MI),Manchin (D-WV),Markey (D-MA),McCain (R-AZ),McCaskill (D-MO),McConnell (R-KY),Menendez (D-NJ),Merkley (D-OR),Mikulski (D-MD),Moran (R-KS),Murkowski (R-AK),Murphy (D-CT),Murray (D-WA),Nelson (D-FL),Paul (R-KY),Portman (R-OH),Pryor (D-AR),Reed (D-RI),Reid (D-NV),Risch (R-ID),Roberts (R-KS),Rockefeller (D-WV),Rubio (R-FL),Sanders (I-VT),Schatz (D-HI),Schumer (D-NY),Scott (R-SC),Sessions (R-AL),Shaheen (D-NH),Shelby (R-AL),Stabenow (D-MI),Tester (D-MT),Thune (R-SD),Toomey (R-PA),Udall (D-CO),Udall (D-NM),Vitter (R-LA),Walsh (D-MT),Warner (D-VA),Warren (D-MA),Whitehouse (D-RI),Wicker (R-MS),Wyden (D-OR),date,isAmendment,requires,result,title
Yea,Yea,Yea,Nay,Yea,Yea,Yea,Yea,Yea,Yea,Yea,Yea,Yea,Yea,Yea,Yea,Yea,Yea,Yea,Yea,Nay,Yea,Yea,Yea,Yea,Yea,Nay,Nay,Yea,Yea,Nay,Yea,Yea,Yea,Yea,Yea,Yea,Yea,Yea,Yea,Yea,Yea,Yea,Nay,Yea,Yea,Nay,Yea,Yea,Yea,Yea,Yea,Yea,Yea,Yea,Yea,Yea,Nay,Yea,Yea,Yea,Yea,Yea,Yea,Yea,Yea,Yea,Yea,Yea,Yea,Yea,Yea,Nay,Yea,Yea,Yea,Yea,Nay,Nay,Yea,Nay,Yea,Yea,Yea,Nay,Yea,Yea,Yea,Yea,Yea,Yea,Yea,Yea,Yea,Nay,,Yea,Yea,Yea,Yea,Yea,2014-01-15T12:17:00-05:00,0,0.5,Joint Resolution Passed (86-14),hjres106
Yea,Yea,Yea,Nay,Yea,Yea,Yea,Yea,Yea,Yea,Yea,Yea,Yea,Nay,Yea,Yea,Yea,Yea,Not Voting,Yea,Not Voting,Yea,Yea,Yea,Nay,Nay,Nay,Nay,Yea,Yea,Nay,Yea,Nay,Nay,Yea,Yea,Yea,Nay,Yea,Yea,Yea,Yea,Yea,Nay,Yea,Yea,Nay,Yea,Nay,Yea,Nay,Yea,Yea,Yea,Yea,Yea,Yea,Nay,Yea,Yea,Yea,Nay,Yea,Nay,Yea,Yea,Yea,Yea,Yea,Yea,Yea,Yea,Nay,Nay,Yea,Yea,Yea,Nay,Nay,Yea,Nay,Yea,Yea,Yea,Nay,Nay,Yea,Yea,Yea,Yea,Nay,Nay,Yea,Yea,Yea,,Yea,Yea,Yea,Yea,Yea,2014-01-16T17:54:00-05:00,0,0.5,Motion Agreed to (72-26),hr3547
Yea,Yea,Nay,Yea,Nay,Nay,Nay,Nay,Nay,Nay,Yea,Nay,Nay,Yea,Nay,Nay,Nay,Nay,Yea,Yea,Yea,Nay,Nay,Nay,Yea,Yea,Yea,Yea,Nay,Nay,Yea,Nay,Yea,Yea,Nay,Nay,Nay,Yea,Nay,Nay,Yea,Nay,Nay,Yea,Nay,Nay,Yea,Nay,Yea,Nay,Yea,Nay,Nay,Yea,Nay,Nay,Nay,Yea,Nay,Nay,Nay,Yea,Nay,Yea,Nay,Nay,Nay,Yea,Nay,Nay,Nay,Nay,Nay,Yea,Nay,Nay,Nay,Yea,Yea,Not Voting,Nay,Nay,Nay,Nay,Yea,Yea,Nay,Yea,Nay,Nay,Yea,Yea,Nay,Nay,Nay,,Nay,Nay,Nay,Nay,Nay,2014-01-30T11:19:00-05:00,1,0.5,Amendment Rejected (34-65),samdt2707 to s1926
Yea,Nay,Nay,Yea,Nay,Nay,Nay,Nay,Nay,Nay,Nay,Nay,Nay,Yea,Nay,Nay,Nay,Nay,Yea,Nay,Yea,Yea,Nay,Nay,Nay,Yea,Yea,Yea,Nay,Nay,Yea,Nay,Nay,Yea,Nay,Nay,Yea,Nay,Nay,Nay,Yea,Nay,Nay,Nay,Nay,Nay,Yea,Yea,Nay,Nay,Nay,Nay,Nay,Nay,Nay,Nay,Nay,Yea,Nay,Yea,Nay,Yea,Nay,Nay,Nay,Yea,Nay,Nay,Nay,Nay,Nay,Nay,Yea,Nay,Nay,Nay,Nay,Yea,Nay,Not Voting,Yea,Nay,Nay,Nay,Nay,Yea,Nay,Nay,Nay,Nay,Nay,Nay,Nay,Nay,Yea,,Nay,Nay,Nay,Nay,Nay,2014-01-30T11:48:00-05:00,1,0.5,Amendment Rejected (24-75),samdt2697 to s1926
Yea,Yea,Nay,Yea,Nay,Nay,Nay,Nay,Yea,Nay,Yea,Nay,Nay,Yea,Nay,Nay,Nay,Nay,Yea,Yea,Yea,Yea,Yea,Nay,Yea,Yea,Yea,Yea,Nay,Nay,Yea,Nay,Yea,Yea,Nay,Nay,Yea,Yea,Yea,Nay,Yea,Yea,Nay,Yea,Nay,Yea,Yea,Yea,Yea,Nay,Yea,Nay,Yea,Yea,Nay,Nay,Nay,Yea,Nay,Nay,Nay,Yea,Nay,Yea,Nay,Nay,Nay,Yea,Nay,Nay,Nay,Nay,Yea,Yea,Nay,Nay,Nay,Yea,Yea,Not Voting,Yea,Nay,Nay,Nay,Yea,Yea,Nay,Yea,Nay,Yea,Yea,Yea,Nay,Nay,Yea,,Yea,Nay,Nay,Yea,Nay,2014-01-30T12:10:00-05:00,1,0.5,Amendment Rejected (49-50),samdt2700 to s1926
Nay,Nay,Yea,Nay,Yea,Yea,Yea,Yea,Yea,Yea,Nay,Yea,Not Voting,Yea,Yea,Yea,Nay,Yea,Yea,Nay,Nay,Yea,Yea,Yea,Nay,Nay,Nay,Nay,Yea,Yea,Nay,Yea,Nay,Nay,Yea,Yea,Yea,Nay,Yea,Yea,Nay,Yea,Yea,Nay,Yea,Yea,Nay,Yea,Yea,Yea,Nay,Yea,Yea,Nay,Yea,Yea,Yea,Nay,Yea,Yea,Yea,Nay,Yea,Nay,Yea,Yea,Yea,Nay,Yea,Yea,Yea,Yea,Nay,Nay,Yea,Yea,Yea,Nay,Nay,Yea,Yea,Yea,Yea,Yea,Yea,Nay,Yea,Nay,Yea,Yea,Nay,Nay,Yea,Yea,Yea,,Yea,Yea,Yea,Yea,Yea,2014-01-30T13:55:00-05:00,0,0.5,Bill Passed (67-32),s1926
Yea,Nay,Yea,Nay,Yea,Yea,Yea,Nay,Yea,Nay,Yea,Yea,Yea,Nay,Yea,Yea,Yea,Nay,Yea,Yea,Nay,Yea,Nay,Yea,Nay,Nay,Yea,Nay,Yea,Yea,Yea,Yea,Yea,Nay,Yea,Nay,Yea,Nay,Yea,Yea,Yea,Yea,Yea,Nay,Yea,Yea,Nay,Yea,Yea,Yea,Nay,Yea,Yea,Yea,Yea,Yea,Yea,Nay,Yea,Yea,Nay,Nay,Yea,Yea,Yea,Yea,Yea,Yea,Nay,Nay,Yea,Yea,Nay,Yea,Yea,Nay,Yea,Yea,Nay,Yea,Nay,Yea,Yea,Yea,Nay,Nay,Yea,Nay,Yea,Yea,Yea,Nay,Yea,Yea,Yea,,Yea,Nay,Nay,Yea,Yea,2014-02-04T14:35:00-05:00,0,0.5,Conference Report Agreed to (68-32),hr2642
Nay,Nay,Yea,Nay,,Yea,Yea,Yea,Nay,Yea,Nay,Yea,Yea,Nay,Yea,Yea,Yea,Yea,Not Voting,Nay,Not Voting,Nay,Nay,Yea,Nay,Nay,Nay,Nay,Yea,Yea,Nay,Yea,Nay,Nay,Yea,Yea,Nay,Nay,Yea,Yea,Nay,Yea,Yea,Nay,Yea,Nay,Nay,Nay,Nay,Yea,Nay,Yea,Yea,Nay,Yea,Yea,Yea,Nay,Yea,Yea,Yea,Nay,Yea,Nay,Yea,Yea,Yea,Nay,Nay,Yea,Yea,Yea,Nay,Nay,Yea,Yea,Yea,Nay,Nay,Yea,Nay,Yea,Yea,Yea,Nay,Nay,Yea,Nay,Yea,Yea,Nay,Nay,Yea,Yea,Nay,Yea,Yea,Yea,Yea,Nay,Yea,2014-02-12T14:55:00-05:00,0,0.5,Motion Agreed to (55-43),s540
Yea,Yea,Yea,Yea,,Yea,Yea,Yea,Yea,Yea,Yea,Yea,Yea,Yea,Yea,Yea,Nay,Yea,Not Voting,Nay,Not Voting,Yea,Yea,Yea,Yea,Yea,Yea,Yea,Yea,Yea,Yea,Yea,Yea,Nay,Yea,Yea,Yea,Yea,Yea,Yea,Yea,Yea,Yea,Yea,Yea,Yea,Yea,Yea,Yea,Yea,Yea,Yea,Yea,Yea,Yea,Yea,Yea,Yea,Yea,Yea,Yea,Yea,Yea,Yea,Yea,Yea,Yea,Yea,Yea,Yea,Yea,Yea,Yea,Yea,Yea,Yea,Yea,Yea,Yea,Yea,Yea,Yea,Yea,Yea,Yea,Yea,Yea,Yea,Yea,Yea,Yea,Yea,Yea,Yea,Yea,Yea,Yea,Yea,Yea,Yea,Yea,2014-02-12T15:20:00-05:00,0,0.5,Motion Agreed to (95-3),s25
Yea,Yea,Yea,Yea,,Yea,Yea,Yea,Yea,Yea,Yea,Yea,Yea,Yea,Yea,Yea,Yea,Yea,Yea,Yea,Yea,Yea,Yea,Yea,Yea,Yea,Yea,Yea,Yea,Yea,Yea,Yea,Yea,Yea,Yea,Yea,Yea,Yea,Yea,Not Voting,Yea,Yea,Yea,Yea,Yea,Yea,Yea,Yea,Yea,Yea,Yea,Yea,Yea,Not Voting,Yea,Yea,Yea,Yea,Yea,Yea,Yea,Not Voting,Yea,Yea,Yea,Yea,Yea,Yea,Yea,Yea,Yea,Yea,Yea,Yea,Yea,Yea,Yea,Yea,Yea,Yea,Yea,Yea,Yea,Yea,Yea,Yea,Yea,Yea,Yea,Yea,Yea,Yea,Yea,Yea,Yea,Yea,Yea,Yea,Yea,Yea,Yea,2014-03-10T18:03:00-04:00,0,0.5,Bill Passed (97-0),s1917
Yea,Yea,Yea,Yea,,Yea,Yea,Yea,Yea,Yea,Yea,Yea,Yea,Yea,Yea,Yea,Yea,Yea,Yea,Yea,Yea,Yea,Yea,Yea,Yea,Yea,Yea,Yea,Yea,Yea,Yea,Yea,Yea,Yea,Yea,Yea,Yea,Yea,Yea,Yea,Yea,Yea,Yea,Yea,Yea,Yea,Yea,Yea,Yea,Yea,Yea,Yea,Yea,Yea,Yea,Yea,Yea,Yea,Yea,Yea,Yea,Yea,Yea,Yea,Yea,Yea,Yea,Yea,Yea,Yea,Yea,Yea,Yea,Yea,Yea,Yea,Yea,Yea,Yea,Not Voting,Not Voting,Yea,Yea,Yea,Yea,Yea,Yea,Yea,Yea,Yea,Yea,Yea,Yea,Yea,Yea,Yea,Yea,Yea,Yea,Yea,Yea,2014-03-12T14:30:00-04:00,1,0.5,Amendment Agreed to (98-0),samdt2812 to s1086
Yea,Yea,Yea,Yea,,Yea,Yea,Yea,Yea,Yea,Yea,Yea,Yea,Yea,Yea,Yea,Yea,Yea,Yea,Yea,Yea,Yea,Yea,Yea,Yea,Nay,Yea,Yea,Yea,Yea,Yea,Yea,Yea,Yea,Yea,Yea,Yea,Yea,Yea,Yea,Yea,Yea,Yea,Yea,Yea,Yea,Yea,Yea,Yea,Yea,Yea,Yea,Yea,Yea,Yea,Yea,Yea,Nay,Yea,Yea,Yea,Yea,Yea,Yea,Yea,Yea,Yea,Yea,Yea,Yea,Yea,Yea,Nay,Yea,Yea,Yea,Yea,Yea,Yea,Yea,Not Voting,Yea,Yea,Yea,Yea,Nay,Yea,Nay,Yea,Yea,Yea,Nay,Yea,Yea,Yea,Yea,Yea,Yea,Yea,Yea,Yea,2014-03-12T14:57:00-04:00,1,0.5,Amendment Agreed to (93-6),samdt2822 to s1086
Yea,Yea,Yea,Yea,,Yea,Yea,Yea,Yea,Yea,Yea,Yea,Yea,Yea,Yea,Yea,Yea,Yea,Yea,Yea,Not Voting,Yea,Yea,Yea,Yea,Yea,Yea,Yea,Yea,Yea,Yea,Yea,Yea,Yea,Yea,Yea,Yea,Yea,Yea,Yea,Yea,Yea,Yea,Yea,Yea,Yea,Yea,Yea,Yea,Yea,Yea,Yea,Yea,Yea,Yea,Yea,Yea,Yea,Yea,Yea,Yea,Yea,Yea,Yea,Yea,Yea,Yea,Yea,Yea,Yea,Yea,Yea,Yea,Yea,Yea,Yea,Yea,Yea,Yea,Yea,Not Voting,Yea,Yea,Yea,Yea,Yea,Yea,Yea,Yea,Yea,Yea,Yea,Yea,Yea,Yea,Yea,Yea,Yea,Yea,Yea,Yea,2014-03-12T17:17:00-04:00,1,0.5,Amendment Agreed to (98-0),samdt2818 to s1086
Yea,Yea,Yea,Yea,,Yea,Yea,Yea,Yea,Yea,Yea,Yea,Yea,Yea,Yea,Yea,Yea,Yea,Yea,Yea,Yea,Yea,Yea,Yea,Yea,Yea,Yea,Yea,Yea,Yea,Yea,Yea,Yea,Yea,Yea,Yea,Yea,Yea,Yea,Yea,Yea,Yea,Yea,Yea,Yea,Yea,Yea,Yea,Yea,Yea,Yea,Yea,Yea,Yea,Yea,Yea,Yea,Yea,Yea,Yea,Yea,Yea,Yea,Yea,Yea,Yea,Yea,Yea,Yea,Yea,Yea,Yea,Yea,Yea,Yea,Yea,Yea,Yea,Yea,Yea,Yea,Yea,Yea,Yea,Yea,Yea,Yea,Yea,Yea,Yea,Yea,Yea,Yea,Yea,Yea,Yea,Yea,Yea,Yea,Yea,Yea,2014-03-13T12:15:00-04:00,1,0.5,Amendment Agreed to (100-0),samdt2830 to s1086
Yea,Yea,Yea,Yea,,Yea,Yea,Yea,Yea,Yea,Yea,Yea,Yea,Yea,Yea,Yea,Yea,Yea,Yea,Yea,Nay,Yea,Yea,Yea,Yea,Yea,Yea,Yea,Yea,Yea,Yea,Yea,Yea,Yea,Yea,Yea,Yea,Yea,Yea,Yea,Yea,Yea,Yea,Yea,Yea,Yea,Not Voting,Yea,Yea,Yea,Yea,Yea,Yea,Yea,Yea,Yea,Yea,Nay,Yea,Yea,Yea,Yea,Yea,Yea,Yea,Yea,Yea,Not Voting,Yea,Yea,Yea,Yea,Yea,Yea,Yea,Yea,Yea,Yea,Yea,Yea,Yea,Yea,Yea,Yea,Yea,Yea,Yea,Yea,Yea,Yea,Yea,Yea,Yea,Yea,Yea,Yea,Yea,Yea,Yea,Yea,Yea,2014-03-13T15:17:00-04:00,0,0.5,Bill Passed (96-2),s1086
Nay,Yea,Yea,Nay,,Yea,Yea,Yea,Yea,Yea,Nay,Not Voting,Yea,Yea,Yea,Yea,Nay,Yea,Yea,Yea,Nay,Yea,Yea,Yea,Nay,Nay,Nay,Yea,Yea,Yea,Nay,Yea,Nay,Nay,Yea,Yea,Yea,Yea,Yea,Yea,Nay,Yea,Yea,Not Voting,Yea,Yea,Not Voting,Yea,Nay,Nay,Nay,Yea,Yea,Yea,Yea,Yea,Yea,Nay,Yea,Yea,Yea,Nay,Not Voting,Nay,Yea,Yea,Yea,Not Voting,Yea,Yea,Yea,Yea,Not Voting,Yea,Yea,Yea,Yea,Nay,Nay,Yea,Yea,Yea,Yea,Yea,Yea,Yea,Yea,Nay,Yea,Yea,Nay,Yea,Yea,Yea,Yea,Yea,Yea,Yea,Yea,Yea,Yea,2014-03-13T16:34:00-04:00,0,0.6,"Bill Passed (72-22, 3/5 majority required)",hr3370
Yea,Yea,Yea,Yea,,Yea,Yea,Yea,Yea,Yea,Yea,Yea,Yea,Yea,Yea,Yea,Yea,Yea,Yea,Yea,Yea,Yea,Yea,Yea,Yea,Yea,Yea,Yea,Yea,Yea,Yea,Yea,Yea,Yea,Yea,Yea,Yea,Yea,Yea,Yea,Yea,Yea,Yea,Nay,Yea,Yea,Yea,Yea,Yea,Yea,Yea,Yea,Yea,Yea,Yea,Yea,Yea,Yea,Yea,Yea,Yea,Yea,Yea,Yea,Yea,Yea,Yea,Yea,Yea,Yea,Yea,Yea,Nay,Yea,Yea,Yea,Yea,Yea,Yea,Yea,Yea,Yea,Yea,Yea,Yea,Yea,Yea,Yea,Yea,Yea,Yea,Yea,Yea,Yea,Yea,Yea,Yea,Yea,Yea,Yea,Yea,2014-03-27T12:01:00-04:00,1,0.5,Amendment Agreed to (98-2),samdt2867 to hr4152
Nay,Yea,Nay,Nay,,Yea,Yea,Yea,Yea,Yea,Nay,Yea,Yea,Yea,Yea,Yea,Nay,Yea,Yea,Nay,Nay,Yea,Yea,Yea,Nay,Yea,Nay,Nay,Yea,Yea,Nay,Yea,Nay,Nay,Nay,Yea,Nay,Nay,Yea,Yea,Yea,Yea,Not Voting,Yea,Yea,Yea,Nay,Yea,Nay,Yea,Nay,Yea,Yea,Yea,Nay,Yea,Yea,Nay,Yea,Yea,Yea,Nay,Yea,Yea,Yea,Yea,Yea,Nay,Yea,Yea,Yea,Yea,Nay,Nay,Yea,Yea,Yea,Nay,Nay,Yea,Nay,Yea,Yea,Yea,Nay,Nay,Yea,Nay,Yea,Yea,Nay,Nay,Yea,Yea,Yea,Yea,Nay,Yea,Yea,Yea,Nay,2014-03-31T18:31:00-04:00,0,0.6,"Bill Passed (64-35, 3/5 majority required)",hr4302
Nay,Yea,Yea,Nay,,Yea,Yea,Yea,Nay,Yea,Nay,Yea,Yea,Nay,Yea,Yea,Yea,Yea,Nay,Nay,Not Voting,Nay,Yea,Yea,Nay,Nay,Nay,Nay,Yea,Yea,Nay,Yea,Nay,Nay,Yea,Yea,Nay,Nay,Yea,Yea,Nay,Yea,Yea,Yea,Yea,Nay,Nay,Nay,Nay,Yea,Nay,Yea,Yea,Yea,Yea,Not Voting,Yea,Nay,Yea,Yea,Yea,Nay,Not Voting,Nay,Yea,Yea,Yea,Nay,Yea,Yea,Yea,Yea,Nay,Yea,Yea,Yea,Yea,Nay,Nay,Yea,Nay,Yea,Yea,Yea,Nay,Nay,Yea,Nay,Yea,Yea,Nay,Nay,Yea,Yea,Nay,Yea,Yea,Yea,Yea,Nay,Yea,2014-04-07T17:32:00-04:00,0,0.5,Bill Passed (59-38),hr3979
Yea,Yea,Yea,Yea,,Yea,Yea,Yea,Yea,Yea,Not Voting,Yea,Yea,Nay,Yea,Yea,Yea,Yea,Yea,Not Voting,Nay,Yea,Yea,Yea,Yea,Yea,Yea,Yea,Yea,Yea,Yea,Yea,Yea,Nay,Yea,Yea,Yea,Yea,Yea,Yea,Yea,Yea,Yea,Yea,Yea,Yea,Yea,Yea,Yea,Yea,Nay,Yea,Yea,Yea,Yea,Yea,Yea,Nay,Yea,Yea,Yea,Nay,Yea,Yea,Yea,Yea,Yea,Yea,Yea,Yea,Yea,Yea,Yea,Yea,Yea,Yea,Yea,Yea,Nay,Yea,Yea,Yea,Yea,Yea,Yea,Yea,Yea,Yea,Yea,Yea,Yea,Yea,Yea,Yea,Yea,Yea,Yea,Yea,Yea,Yea,Yea,2014-05-22T14:15:00-04:00,0,0.6,"Conference Report Agreed to (91-7, 3/5 majority required)",hr3080
Yea,Yea,Yea,Yea,,Yea,Yea,Yea,Yea,Yea,Yea,Yea,Yea,Yea,Yea,Yea,Yea,Yea,Yea,Yea,Yea,Not Voting,Yea,Yea,Nay,Yea,Yea,Yea,Yea,Yea,Yea,Yea,Yea,Yea,Yea,Yea,Yea,Yea,Yea,Yea,Yea,Yea,Yea,Yea,Yea,Yea,Yea,Yea,Yea,Yea,Nay,Yea,Yea,Yea,Yea,Yea,Yea,Yea,Yea,Yea,Yea,Yea,Not Voting,Yea,Yea,Not Voting,Yea,Not Voting,Yea,Yea,Yea,Yea,Yea,Yea,Yea,Yea,Yea,Yea,Yea,Yea,Yea,Yea,Yea,Yea,Yea,Nay,Yea,Yea,Yea,Yea,Yea,Yea,Yea,Yea,Yea,Yea,Yea,Yea,Yea,Yea,Yea,2014-06-11T16:34:00-04:00,0,0.5,Bill Passed (93-3),hr3230
Nay,Yea,Nay,Yea,,Nay,Nay,Nay,Yea,Nay,Yea,Nay,Nay,Yea,Nay,Nay,Nay,Nay,Nay,Yea,Yea,Not Voting,Nay,Nay,Nay,Yea,Yea,Yea,Nay,Nay,Nay,Nay,Yea,Yea,Nay,Nay,Yea,Yea,Nay,Nay,Yea,Nay,Nay,Yea,Nay,Nay,Yea,Nay,Not Voting,Nay,Yea,Nay,Nay,Yea,Nay,Nay,Nay,Yea,Nay,Nay,Nay,Yea,Not Voting,Yea,Nay,Nay,Nay,Nay,Nay,Nay,Nay,Nay,Yea,Nay,Nay,Nay,Nay,Yea,Yea,Not Voting,Yea,Nay,Nay,Nay,Yea,Yea,Nay,Yea,Nay,Nay,Yea,Yea,Nay,Nay,Yea,Nay,Nay,Nay,Nay,Yea,Nay,2014-06-25T14:28:00-04:00,1,0.5,Amendment Rejected (33-63),samdt3379 to hr803
Nay,Yea,Nay,Yea,,Nay,Nay,Nay,Yea,Nay,Yea,Nay,Nay,Yea,Nay,Nay,Nay,Nay,Nay,Yea,Yea,Not Voting,Yea,Nay,Yea,Yea,Yea,Yea,Nay,Nay,Nay,Nay,Yea,Yea,Nay,Nay,Yea,Yea,Nay,Nay,Yea,Nay,Nay,Yea,Nay,Yea,Yea,Nay,Not Voting,Nay,Yea,Nay,Nay,Yea,Nay,Nay,Nay,Yea,Nay,Nay,Nay,Yea,Nay,Yea,Nay,Nay,Nay,Yea,Yea,Nay,Nay,Nay,Yea,Yea,Nay,Nay,Nay,Yea,Yea,Nay,Yea,Nay,Nay,Nay,Yea,Yea,Nay,Yea,Nay,Yea,Yea,Yea,Nay,Nay,Yea,Nay,Nay,Nay,Nay,Yea,Nay,2014-06-25T14:54:00-04:00,1,0.5,Amendment Rejected (40-58),samdt3380 to hr803
Yea,Yea,Yea,Yea,,Yea,Yea,Yea,Yea,Yea,Yea,Yea,Yea,Yea,Yea,Yea,Yea,Yea,Yea,Yea,Nay,Not Voting,Yea,Yea,Yea,Yea,Yea,Yea,Yea,Yea,Yea,Yea,Yea,Yea,Yea,Yea,Yea,Yea,Yea,Yea,Yea,Yea,Yea,Yea,Yea,Yea,Yea,Yea,Not Voting,Yea,Nay,Yea,Yea,Yea,Yea,Yea,Yea,Nay,Yea,Yea,Yea,Yea,Yea,Yea,Yea,Yea,Yea,Yea,Yea,Yea,Yea,Yea,Yea,Yea,Yea,Yea,Yea,Yea,Yea,Yea,Yea,Yea,Yea,Yea,Yea,Yea,Yea,Yea,Yea,Yea,Yea,Yea,Yea,Yea,Yea,Yea,Yea,Yea,Yea,Yea,Yea,2014-06-25T15:13:00-04:00,0,0.5,Bill Passed (95-3),hr803
Not Voting,Yea,Yea,Yea,,Yea,Yea,Yea,Yea,Yea,Yea,Yea,Yea,Yea,Yea,Yea,Yea,Yea,Yea,Yea,Yea,Yea,Yea,Not Voting,Yea,Yea,Yea,Yea,Yea,Yea,Yea,Yea,Yea,Yea,Yea,Yea,Yea,Yea,Yea,Yea,Yea,Yea,Yea,Yea,Yea,Yea,Yea,Yea,Yea,Yea,Yea,Yea,Yea,Yea,Yea,Yea,Yea,Yea,Yea,Yea,Yea,Yea,Yea,Yea,Yea,Yea,Yea,Yea,Yea,Yea,Yea,Yea,Yea,Yea,Yea,Yea,Yea,Yea,Yea,Yea,Yea,Yea,Not Voting,Yea,Yea,Yea,Yea,Yea,Yea,Yea,Yea,Yea,Yea,Yea,Yea,Yea,Yea,Yea,Yea,Yea,Yea,2014-07-17T12:36:00-04:00,1,0.5,Amendment Agreed to (97-0),samdt3551 to s2244
Not Voting,Yea,Yea,Yea,,Yea,Yea,Yea,Yea,Yea,Yea,Yea,Yea,Yea,Yea,Yea,Yea,Yea,Yea,Yea,Nay,Yea,Yea,Not Voting,Yea,Yea,Yea,Yea,Yea,Yea,Yea,Yea,Yea,Yea,Yea,Yea,Yea,Yea,Yea,Yea,Yea,Yea,Yea,Yea,Yea,Yea,Yea,Yea,Yea,Yea,Yea,Yea,Yea,Yea,Yea,Yea,Yea,Yea,Yea,Yea,Yea,Yea,Yea,Yea,Yea,Yea,Yea,Yea,Yea,Yea,Yea,Yea,Yea,Yea,Yea,Yea,Yea,Yea,Nay,Yea,Nay,Yea,Not Voting,Yea,Yea,Nay,Yea,Yea,Yea,Yea,Yea,Yea,Yea,Yea,Yea,Yea,Yea,Yea,Yea,Yea,Yea,2014-07-17T12:51:00-04:00,0,0.5,Bill Passed (93-4),s2244
Not Voting,Yea,Yea,Yea,,Yea,Yea,Yea,Nay,Yea,Nay,Yea,Yea,Yea,Yea,Yea,Yea,Yea,Nay,Yea,Nay,Nay,Yea,Yea,Yea,Nay,Nay,Nay,Yea,Yea,Yea,Yea,Nay,Nay,Yea,Yea,Yea,Yea,Yea,Yea,Yea,Yea,Yea,Nay,Yea,Nay,Nay,Yea,Nay,Yea,Nay,Yea,Yea,Yea,Yea,Yea,Yea,Nay,Yea,Yea,Yea,Nay,Yea,Nay,Yea,Yea,Yea,Nay,Yea,Yea,Yea,Yea,Nay,Yea,Yea,Yea,Yea,Nay,Not Voting,Yea,Nay,Yea,Not Voting,Yea,Nay,Nay,Yea,Nay,Yea,Yea,Yea,Yea,Yea,Yea,Nay,Yea,Yea,Yea,Yea,Yea,Yea,2014-07-29T17:42:00-04:00,1,0.6,"Amendment Agreed to (71-26, 3/5 majority required)",samdt3582 to hr5021
Not Voting,Nay,Yea,Yea,,Yea,Yea,Yea,Yea,Yea,Nay,Yea,Yea,Nay,Yea,Yea,Yea,Yea,Nay,Yea,Yea,Nay,Nay,Yea,Yea,Nay,Nay,Nay,Yea,Yea,Yea,Yea,Nay,Yea,Yea,Yea,Yea,Yea,Yea,Yea,Nay,Yea,Yea,Nay,Yea,Nay,Nay,Nay,Nay,Yea,Nay,Yea,Yea,Nay,Yea,Yea,Yea,Nay,Yea,Yea,Yea,Yea,Yea,Nay,Yea,Yea,Yea,Nay,Nay,Yea,Yea,Yea,Yea,Nay,Yea,Yea,Yea,Nay,Not Voting,Yea,Nay,Yea,Not Voting,Yea,Nay,Nay,Nay,Nay,Yea,Yea,Yea,Nay,Yea,Yea,Nay,Yea,Yea,Yea,Yea,Yea,Yea,2014-07-29T18:08:00-04:00,1,0.6,"Amendment Agreed to (66-31, 3/5 majority required)",samdt3583 to hr5021
Not Voting,Yea,Nay,Nay,,Nay,Nay,Nay,Nay,Nay,Yea,Nay,Nay,Yea,Nay,Nay,Nay,Nay,Yea,Yea,Yea,Nay,Nay,Nay,Yea,Yea,Yea,Yea,Nay,Nay,Nay,Nay,Yea,Yea,Nay,Nay,Yea,Yea,Nay,Nay,Nay,Nay,Nay,Nay,Nay,Nay,Yea,Yea,Nay,Nay,Yea,Nay,Nay,Nay,Nay,Nay,Nay,Yea,Nay,Nay,Nay,Yea,Nay,Nay,Nay,Nay,Nay,Yea,Nay,Nay,Nay,Nay,Yea,Yea,Nay,Nay,Nay,Yea,Not Voting,Nay,Yea,Nay,Not Voting,Nay,Yea,Yea,Nay,Nay,Nay,Nay,Nay,Yea,Nay,Nay,Yea,Nay,Nay,Nay,Nay,Nay,Nay,2014-07-29T18:28:00-04:00,1,0.6,"Amendment Rejected (28-69, 3/5 majority required)",samdt3584 to hr5021
Not Voting,Yea,Nay,Yea,,Yea,Nay,Nay,Yea,Nay,Yea,Nay,Nay,Yea,Nay,Nay,Nay,Nay,Yea,Yea,Yea,Yea,Yea,Nay,Yea,Yea,Yea,Yea,Nay,Nay,Yea,Nay,Yea,Yea,Nay,Nay,Yea,Yea,Nay,Nay,Yea,Nay,Yea,Yea,Nay,Yea,Yea,Yea,Yea,Nay,Yea,Nay,Nay,Yea,Nay,Nay,Nay,Yea,Nay,Yea,Nay,Yea,Yea,Yea,Nay,Nay,Nay,Yea,Yea,Nay,Nay,Nay,Yea,Yea,Nay,Nay,Nay,Yea,Not Voting,Nay,Yea,Nay,Not Voting,Nay,Yea,Yea,Nay,Yea,Nay,Nay,Yea,Yea,Nay,Nay,Yea,Nay,Nay,Nay,Nay,Yea,Nay,2014-07-29T18:44:00-04:00,1,0.6,"Amendment Rejected (47-50, 3/5 majority required)",samdt3585 to hr5021
Not Voting,Yea,Yea,Yea,,Yea,Yea,Yea,Yea,Yea,Yea,Yea,Yea,Nay,Yea,Yea,Yea,Yea,Yea,Yea,Nay,Yea,Yea,Yea,Yea,Nay,Nay,Nay,Yea,Yea,Yea,Yea,Yea,Nay,Yea,Yea,Yea,Yea,Yea,Yea,Nay,Yea,Yea,Yea,Yea,Yea,Yea,Yea,Yea,Yea,Nay,Yea,Yea,Yea,Yea,Yea,Yea,Nay,Yea,Yea,Yea,Nay,Yea,Yea,Yea,Yea,Yea,Yea,Yea,Yea,Yea,Yea,Nay,Nay,Yea,Yea,Yea,Nay,Not Voting,Yea,Nay,Yea,Not Voting,Yea,Nay,Nay,Yea,Nay,Yea,Yea,Yea,Nay,Yea,Yea,Yea,Yea,Yea,Yea,Yea,Yea,Yea,2014-07-29T18:58:00-04:00,0,0.6,"Bill Passed (79-18, 3/5 majority required)",hr5021
Not Voting,Yea,Yea,Yea,,Yea,Yea,Yea,Yea,Yea,Yea,Yea,Yea,Yea,Yea,Yea,Yea,Yea,Yea,Yea,Nay,Not Voting,Yea,Yea,Nay,Yea,Yea,Yea,Yea,Yea,Yea,Yea,Yea,Yea,Yea,Yea,Yea,Yea,Not Voting,Not Voting,Yea,Yea,Yea,Yea,Yea,Yea,Yea,Yea,Yea,Yea,Yea,Yea,Yea,Yea,Yea,Yea,Yea,Yea,Yea,Yea,Yea,Yea,Yea,Yea,Yea,Yea,Yea,Yea,Yea,Yea,Yea,Yea,Yea,Yea,Yea,Yea,Yea,Yea,Not Voting,Yea,Yea,Yea,Not Voting,Yea,Yea,Nay,Yea,Yea,Yea,Yea,Yea,Yea,Yea,Yea,Yea,Yea,Yea,Yea,Yea,Yea,Yea,2014-07-31T20:24:00-04:00,0,0.6,"Conference Report Agreed to (91-3, 3/5 majority required)",hr3230
