B000127,B000212,B000345,B000398,B000664,B000763,B000914,C000291,C000499,C000553,D000295,D000308,E000024,E000070,E000078,E000124,F000122,G000005,H000398,H000735,H000739,J000005,J000137,J000170,J000194,K000079,K000212,K000217,K000287,L000083,L000376,L000378,L000485,M000034,M000475,M000550,M000774,N000118,P000045,P000084,R000500,S000268,S000609,T000017,T000086,T000102,T000108,T000171,V000009,V000037,W000148,W000540,date,isAmendment,requires,result,title
Nay,Nay,Nay,Nay,,Nay,Nay,Nay,,,Nay,Nay,Nay,Nay,Not Voting,Not Voting,Nay,Nay,Nay,Nay,Nay,Nay,Nay,Not Voting,,Not Voting,Nay,Not Voting,Nay,Nay,Not Voting,Nay,Nay,Nay,Nay,,Nay,Not Voting,Nay,Nay,Nay,Nay,Nay,Nay,Not Voting,Nay,,Nay,Nay,Not Voting,Not Voting,Nay,1823-12-22,0,,unknown,
Nay,Nay,Nay,Nay,,Nay,Nay,Nay,,,Nay,Nay,Nay,Nay,Not Voting,Not Voting,Nay,Nay,Nay,Nay,Nay,Nay,Nay,Not Voting,,Not Voting,Nay,Not Voting,Nay,Nay,Not Voting,Nay,Nay,Nay,Nay,,Nay,Not Voting,Nay,Nay,Nay,Nay,Nay,Nay,Not Voting,Nay,,Nay,Nay,Not Voting,Not Voting,Nay,1823-12-22,0,,unknown,
Nay,Nay,Nay,Nay,,Nay,Not Voting,Nay,,,Nay,Not Voting,Nay,Nay,Nay,Not Voting,Nay,Nay,Nay,Not Voting,Nay,Nay,Nay,Not Voting,,Nay,Nay,Not Voting,Nay,Not Voting,Not Voting,Nay,Nay,Nay,Not Voting,,Nay,Nay,Nay,Nay,Nay,Nay,Nay,Not Voting,Not Voting,Not Voting,,Nay,Not Voting,Not Voting,Not Voting,Nay,1823-12-23,0,,unknown,
Yea,Yea,Yea,Yea,,Yea,Yea,Yea,,,Yea,Not Voting,Yea,Yea,Yea,Not Voting,Yea,Yea,Yea,Not Voting,Yea,Yea,Yea,Not Voting,,Yea,Yea,Not Voting,Yea,Not Voting,Not Voting,Yea,Yea,Yea,Not Voting,,Yea,Yea,Yea,Yea,Yea,Yea,Yea,Not Voting,Not Voting,Not Voting,,Yea,Not Voting,Not Voting,Not Voting,Yea,1823-12-23,0,,unknown,
Yea,Yea,Yea,Yea,,Yea,Yea,Yea,,,Yea,Not Voting,Yea,Yea,Yea,Not Voting,Yea,Yea,Yea,Yea,Yea,Yea,Yea,Not Voting,,Yea,Yea,Not Voting,Yea,Not Voting,Not Voting,Yea,Yea,Yea,Not Voting,,Yea,Yea,Yea,Yea,Yea,Yea,Yea,Not Voting,Not Voting,Not Voting,,Yea,Yea,Not Voting,Not Voting,Yea,1823-12-23,0,,unknown,
Yea,Nay,Nay,Yea,,Not Voting,Nay,Nay,,,Nay,Nay,Nay,Nay,Nay,Yea,Nay,Yea,Yea,Yea,Nay,Yea,Nay,Not Voting,,Yea,Nay,Nay,Nay,Nay,Nay,Nay,Not Voting,Yea,Nay,,Nay,Yea,Nay,Nay,Not Voting,Nay,Nay,Nay,Not Voting,Yea,,Nay,Not Voting,Not Voting,Not Voting,Yea,1823-12-30,0,,unknown,
Yea,Nay,Nay,Nay,,Nay,Nay,Nay,,,Nay,Nay,Nay,Nay,Nay,Nay,Nay,Nay,Nay,Nay,Nay,Yea,Nay,Not Voting,,Nay,Nay,Not Voting,Not Voting,Nay,Nay,Nay,Nay,Nay,Nay,,Nay,Nay,Not Voting,Nay,Nay,Nay,Nay,Nay,Not Voting,Nay,,Nay,Nay,Not Voting,Not Voting,Nay,1823-12-30,0,,unknown,
Nay,Nay,Nay,Yea,,Nay,Yea,Nay,Nay,,Nay,Nay,Nay,Yea,Not Voting,Nay,Nay,Nay,Yea,Nay,Nay,Yea,Yea,Not Voting,,Yea,Nay,Yea,Nay,Yea,Nay,Nay,Nay,Nay,Nay,,Nay,Nay,Nay,Nay,Nay,Nay,Yea,Yea,Not Voting,Nay,,Nay,Nay,Nay,Not Voting,Nay,1824-01-16,0,,unknown,
Yea,Yea,Nay,Not Voting,,Not Voting,Yea,Nay,Yea,,Nay,Yea,Yea,Yea,Not Voting,Yea,Not Voting,Not Voting,Yea,Yea,Nay,Yea,Yea,Not Voting,,Yea,Nay,Yea,Nay,Yea,Yea,Yea,Yea,Nay,Not Voting,,Nay,Yea,Yea,Yea,Yea,Yea,Yea,Yea,Not Voting,Yea,,Yea,Not Voting,Yea,Not Voting,Yea,1824-01-23,0,,unknown,
Yea,Yea,Nay,Yea,,Not Voting,Yea,Nay,Nay,,Yea,Nay,Not Voting,Nay,Not Voting,Yea,Nay,Yea,Nay,Yea,Nay,Yea,Yea,Not Voting,,Not Voting,Nay,Not Voting,Yea,Nay,Not Voting,Yea,Nay,Yea,Not Voting,,Nay,Yea,Nay,Not Voting,Yea,Yea,Yea,Yea,Not Voting,Yea,,Yea,Nay,Yea,Not Voting,Not Voting,1824-01-28,0,,unknown,
Yea,Yea,Yea,Yea,,Not Voting,Not Voting,Yea,Yea,,Yea,Yea,Yea,Nay,Not Voting,Yea,Yea,Yea,Yea,Yea,Yea,Yea,Yea,Yea,,Yea,Not Voting,Yea,Nay,Yea,Not Voting,Not Voting,Yea,Yea,Yea,,Yea,Yea,Yea,Not Voting,Yea,Nay,Yea,Yea,Not Voting,Yea,,Yea,Yea,Yea,Yea,Yea,1824-01-30,0,,unknown,
Yea,Yea,Yea,Yea,,Nay,Yea,Yea,Nay,,Nay,Yea,Yea,Yea,Not Voting,Not Voting,Yea,Yea,Nay,Yea,Yea,Yea,Yea,Not Voting,,Yea,Nay,Not Voting,Not Voting,Yea,Yea,Nay,Yea,Yea,Not Voting,,Not Voting,Yea,Yea,Yea,Yea,Yea,Yea,Yea,Not Voting,Not Voting,,Yea,Yea,Nay,Not Voting,Yea,1824-02-09,0,,unknown,
Yea,Nay,Yea,Nay,,Nay,Nay,Nay,Nay,,Nay,Yea,Nay,Nay,Not Voting,Nay,Nay,Yea,Nay,Nay,Yea,Nay,Yea,Yea,,Yea,Yea,Yea,Yea,Yea,Yea,Yea,Nay,Yea,Not Voting,,Yea,Nay,Nay,Yea,Yea,Yea,Yea,Yea,Not Voting,Not Voting,,Nay,Yea,Nay,Not Voting,Nay,1824-02-09,0,,unknown,
Yea,Yea,Nay,Yea,,Nay,Nay,Nay,Yea,,Yea,Nay,Yea,Yea,Not Voting,Yea,Nay,Nay,Yea,Yea,Nay,Yea,Yea,Yea,,Yea,Yea,Not Voting,Yea,Not Voting,Yea,Yea,Nay,Nay,Not Voting,,Not Voting,Nay,Not Voting,Yea,Nay,Yea,Yea,Not Voting,Yea,Not Voting,,Yea,Not Voting,Not Voting,Nay,Yea,1824-02-09,0,,unknown,
Not Voting,Yea,Nay,Not Voting,,Yea,Yea,Nay,Nay,,Nay,Not Voting,Yea,Yea,Not Voting,Yea,Yea,Yea,Yea,Yea,Yea,Yea,Yea,Not Voting,,Not Voting,Not Voting,Yea,Nay,Yea,Not Voting,Not Voting,Yea,Nay,Yea,,Yea,Not Voting,Not Voting,Yea,Yea,Yea,Yea,Yea,Nay,Yea,,Yea,Yea,Nay,Yea,Yea,1824-02-20,0,,unknown,
Nay,Yea,Yea,Not Voting,,Nay,Nay,Nay,Yea,,Yea,Nay,Yea,Nay,Not Voting,Nay,Not Voting,Nay,Yea,Nay,Nay,Nay,Yea,Yea,,Nay,Yea,Nay,Yea,Yea,Yea,Yea,Nay,Nay,Yea,,Yea,Not Voting,Yea,Yea,Nay,Yea,Nay,Yea,Nay,Nay,,Nay,Nay,Yea,Nay,Not Voting,1824-02-26,0,,unknown,
Yea,Yea,Yea,Not Voting,,Yea,Nay,Yea,Nay,,Nay,Not Voting,Nay,Nay,Not Voting,Nay,Not Voting,Yea,Nay,Nay,Yea,Nay,Nay,Not Voting,,Nay,Nay,Yea,Nay,Yea,Yea,Nay,Nay,Yea,Nay,,Nay,Nay,Yea,Nay,Nay,Nay,Nay,Yea,Yea,Yea,,Nay,Nay,Nay,Yea,Nay,1824-03-03,0,,unknown,
Yea,Nay,Nay,Not Voting,,Nay,Nay,Nay,Nay,,Nay,Nay,Yea,Nay,,Nay,Nay,Nay,Yea,Nay,Nay,Yea,Yea,Yea,,Nay,Not Voting,Nay,Nay,Yea,Yea,Nay,Nay,Nay,Not Voting,,Yea,Nay,Nay,Not Voting,Not Voting,Not Voting,Yea,Yea,Nay,Nay,,Yea,Yea,Yea,Not Voting,Nay,1824-03-08,0,,unknown,
Nay,Nay,Yea,Not Voting,,Nay,Not Voting,Yea,Yea,,Yea,Yea,Nay,Nay,,Yea,Nay,Yea,Nay,Nay,Yea,Nay,Nay,Nay,,Nay,Yea,Nay,Nay,Yea,Nay,Nay,Yea,Yea,Not Voting,,Nay,Not Voting,Yea,Nay,Yea,Yea,Nay,Yea,Nay,Nay,,Yea,Not Voting,Nay,Yea,Nay,1824-03-09,0,,unknown,
Nay,Nay,Yea,Not Voting,,Nay,Not Voting,Yea,Yea,,Yea,Yea,Nay,Nay,,Yea,Nay,Yea,Nay,Nay,Yea,Nay,Nay,Nay,,Nay,Yea,Nay,Yea,Yea,Nay,Yea,Yea,Yea,Not Voting,,Nay,Not Voting,Yea,Nay,Nay,Yea,Nay,Yea,Nay,Nay,,Yea,Not Voting,Nay,Yea,Nay,1824-03-09,0,,unknown,
Yea,Yea,Nay,Not Voting,,Yea,Not Voting,Yea,Yea,,Yea,Yea,Yea,Yea,,Nay,Yea,Yea,Yea,Yea,Nay,Yea,Yea,Yea,,Yea,Nay,Yea,Yea,Nay,Yea,Yea,Yea,Nay,Not Voting,Not Voting,Yea,Not Voting,Nay,Yea,Nay,Nay,Yea,Yea,Yea,Yea,,Nay,Not Voting,Yea,Yea,Yea,1824-03-09,0,,unknown,
Not Voting,Yea,Nay,Not Voting,,Nay,Not Voting,Nay,Nay,,Yea,Yea,Nay,Nay,,Yea,Not Voting,Nay,Yea,Not Voting,Yea,Not Voting,Not Voting,Yea,,Nay,Not Voting,Nay,Yea,Yea,Not Voting,Yea,Yea,Nay,Not Voting,Yea,Yea,Nay,Nay,Yea,Nay,Yea,Not Voting,Not Voting,Nay,Not Voting,,Yea,Not Voting,Nay,Not Voting,Nay,1824-03-10,0,,unknown,
Not Voting,Yea,Nay,Not Voting,,Nay,Not Voting,Yea,Yea,,Yea,Not Voting,Yea,Nay,,Not Voting,Not Voting,Nay,Yea,Yea,Yea,Yea,Yea,Yea,,Nay,Nay,Nay,Nay,Yea,Nay,Not Voting,Nay,Nay,Not Voting,Nay,Yea,Nay,Yea,Yea,Nay,Yea,Yea,Yea,Nay,Yea,,Not Voting,Yea,Yea,Nay,Nay,1824-03-11,0,,unknown,
Yea,Yea,Yea,Nay,,Nay,Yea,Yea,Yea,,Yea,Nay,Yea,Yea,,Nay,Yea,Not Voting,Yea,Yea,Nay,Not Voting,Yea,Yea,Yea,Yea,Yea,Yea,Yea,Yea,Not Voting,Yea,Nay,Nay,Not Voting,Nay,Yea,Nay,Yea,Yea,Nay,Yea,Nay,Yea,Yea,Yea,,Nay,Nay,Yea,Nay,Yea,1824-03-22,0,,unknown,
Yea,Yea,Nay,Yea,,Not Voting,Yea,Nay,Nay,,Not Voting,Nay,Yea,Yea,,Yea,Yea,Not Voting,Yea,Yea,Nay,Yea,Yea,Yea,Yea,Yea,Yea,Not Voting,Yea,Yea,Not Voting,Yea,Nay,Nay,Yea,Yea,Not Voting,Nay,Not Voting,Yea,Yea,Yea,Nay,Not Voting,Yea,Nay,,Nay,Nay,Nay,Yea,Not Voting,1824-03-25,0,,unknown,
Yea,Nay,Yea,Yea,,Yea,Not Voting,Nay,Nay,,Nay,Yea,Nay,Yea,,Not Voting,Yea,Nay,Yea,Not Voting,Yea,Yea,Yea,Yea,Yea,Not Voting,Yea,Yea,Yea,Not Voting,Not Voting,Nay,Yea,Yea,Yea,Not Voting,Nay,Nay,Not Voting,Yea,Yea,Yea,Yea,Yea,Yea,Yea,,Not Voting,Yea,Nay,Nay,Yea,1824-04-05,0,,unknown,
Nay,Yea,Yea,Nay,,Nay,Not Voting,Yea,Yea,,Yea,Yea,Nay,Yea,,Not Voting,Nay,Yea,Yea,Not Voting,Nay,Nay,Nay,Nay,Nay,Nay,Yea,Not Voting,Yea,Not Voting,Not Voting,Nay,Nay,Nay,Not Voting,Yea,Yea,Yea,Yea,Yea,Yea,Yea,Nay,Nay,Nay,Nay,,Nay,Nay,Yea,Not Voting,Yea,1824-04-06,0,,unknown,
Not Voting,Nay,Nay,Yea,,Yea,Not Voting,Yea,Nay,,Nay,Not Voting,Yea,Nay,,Not Voting,Yea,Nay,Nay,Yea,Yea,Yea,Not Voting,Yea,Yea,Yea,Nay,Yea,Nay,Yea,Not Voting,Nay,Yea,Yea,Yea,Yea,Nay,Nay,Nay,Nay,Yea,Nay,Yea,Yea,Yea,Yea,,Yea,Yea,Nay,Nay,Nay,1824-04-08,0,,unknown,
Not Voting,Yea,Yea,Nay,,Nay,Not Voting,Nay,Yea,,Yea,Yea,Nay,Yea,,Not Voting,Nay,Yea,Yea,Nay,Nay,Nay,Not Voting,Nay,Nay,Nay,Yea,Not Voting,Yea,Nay,Not Voting,Not Voting,Nay,Nay,Nay,Yea,Yea,Not Voting,Yea,Yea,Yea,Yea,Nay,Nay,Nay,Nay,,Nay,Nay,Yea,Yea,Yea,1824-04-08,0,,unknown,
Yea,Nay,Nay,Yea,,Yea,Not Voting,Nay,Nay,,Nay,Nay,Yea,Nay,,Not Voting,Yea,Nay,Nay,Not Voting,Yea,Yea,Yea,Yea,Yea,Yea,Nay,Yea,Nay,Yea,Not Voting,Yea,Yea,Yea,Yea,Nay,Nay,Nay,Nay,Nay,Nay,Nay,Yea,Yea,Yea,Yea,,Yea,Yea,Nay,Nay,Yea,1824-04-09,0,,unknown,
Yea,Nay,Yea,Nay,,Yea,Not Voting,Yea,Yea,,Yea,Yea,Nay,Nay,,Not Voting,Nay,Yea,Nay,Not Voting,Yea,Nay,Nay,Nay,Nay,Nay,Yea,Yea,Yea,Yea,Not Voting,Yea,Yea,Yea,Yea,Nay,Yea,Yea,Yea,Yea,Yea,Yea,Yea,Nay,Yea,Yea,,Yea,Yea,Yea,Yea,Not Voting,1824-04-09,0,,unknown,
Nay,Yea,Yea,Not Voting,,Nay,Not Voting,Nay,Nay,,Yea,Yea,Nay,Yea,,Nay,Yea,Not Voting,Nay,Not Voting,Nay,Nay,Not Voting,Not Voting,Nay,Yea,Nay,Yea,Yea,Nay,Nay,Nay,Yea,Nay,Yea,Nay,Nay,Yea,Nay,Nay,Yea,Yea,Nay,Yea,Nay,Nay,,Yea,Nay,Not Voting,Nay,Nay,1824-04-13,0,,unknown,
Yea,Yea,Yea,Not Voting,,Nay,Not Voting,Nay,Yea,,Nay,Yea,Yea,Yea,,Nay,Nay,Not Voting,Yea,Not Voting,Not Voting,Yea,Yea,Not Voting,Yea,Yea,Nay,Nay,Yea,Yea,Yea,Yea,Nay,Nay,Yea,Yea,Yea,Yea,Nay,Yea,Yea,Yea,Yea,Yea,Nay,Nay,,Yea,Nay,Not Voting,Nay,Yea,1824-04-13,0,,unknown,
Yea,Nay,Nay,Not Voting,,Not Voting,Nay,Nay,Nay,,Nay,Not Voting,Nay,Nay,,Nay,Yea,Nay,Nay,Not Voting,Nay,Not Voting,Nay,Not Voting,Nay,Nay,Nay,Nay,Nay,Nay,Nay,Nay,Nay,Yea,Nay,Yea,Nay,Not Voting,Not Voting,Not Voting,Nay,Nay,Nay,Yea,Yea,Not Voting,,Nay,Nay,Not Voting,Nay,Nay,1824-04-14,0,,unknown,
Nay,Yea,Nay,Not Voting,,Nay,Nay,Nay,Nay,,Nay,Nay,Yea,Yea,,Nay,Nay,Nay,Yea,Yea,Nay,Not Voting,Yea,Yea,Nay,Yea,Nay,Nay,Not Voting,Nay,Nay,Yea,Nay,Nay,Yea,Not Voting,Yea,Yea,Nay,Yea,Nay,Yea,Nay,Yea,Yea,Not Voting,,Nay,Nay,Nay,Nay,Yea,1824-04-19,0,,unknown,
Nay,Yea,Yea,Not Voting,,Nay,Yea,Nay,Nay,,Yea,Yea,Yea,Yea,,Nay,Yea,Nay,Nay,Nay,Nay,Yea,Yea,Nay,Nay,Nay,Nay,Nay,Yea,Yea,Nay,Nay,Yea,Nay,Yea,Nay,Nay,Not Voting,Yea,Nay,Yea,Yea,Nay,Yea,Nay,Yea,,Yea,Yea,Nay,Nay,Nay,1824-04-19,0,,unknown,
Nay,Yea,Yea,Not Voting,,Nay,Yea,Nay,Nay,,Yea,Yea,Yea,Yea,,Nay,Yea,Nay,Nay,Nay,Nay,Yea,Nay,Nay,Nay,Yea,Nay,Nay,Yea,Yea,Nay,Nay,Yea,Nay,Yea,Nay,Nay,Yea,Yea,Nay,Yea,Yea,Nay,Yea,Nay,Yea,,Yea,Yea,Nay,Nay,Nay,1824-04-19,0,,unknown,
Nay,Yea,Yea,Not Voting,,Nay,Yea,Nay,Nay,,Yea,Yea,Yea,Yea,,Nay,Yea,Nay,Nay,Nay,Nay,Yea,Nay,Yea,Yea,Nay,Nay,Nay,Yea,Yea,Nay,Nay,Yea,Nay,Yea,Yea,Nay,Nay,Yea,Yea,Yea,Yea,Nay,Yea,Nay,Yea,,Yea,Yea,Yea,Yea,Nay,1824-04-19,0,,unknown,
Yea,Nay,Nay,Not Voting,,Yea,Nay,Nay,Yea,,Nay,Nay,Nay,Nay,,Yea,Nay,Yea,Yea,Yea,Yea,Nay,Yea,Nay,Yea,Not Voting,Yea,Yea,Nay,Nay,Yea,Yea,Nay,Yea,Nay,Nay,Yea,Nay,Nay,Yea,Nay,Nay,Yea,Nay,Yea,Nay,,Nay,Nay,Yea,Yea,Yea,1824-04-20,0,,unknown,
Nay,Nay,Yea,Not Voting,,Not Voting,Nay,Yea,Yea,,Yea,Not Voting,Not Voting,Yea,,Not Voting,Yea,Yea,Nay,Not Voting,Nay,Not Voting,Nay,Nay,Nay,Nay,Nay,Yea,Yea,Yea,Nay,Nay,Yea,Nay,Not Voting,Yea,Not Voting,Not Voting,Nay,Nay,Yea,Yea,Nay,Not Voting,Nay,Nay,,Yea,Yea,Nay,Not Voting,Yea,1824-04-20,0,,unknown,
Yea,Yea,Nay,Not Voting,,Yea,Yea,Nay,Nay,,Nay,Not Voting,Nay,Nay,,Not Voting,Nay,Nay,Yea,Not Voting,Yea,Yea,Yea,Yea,Yea,Yea,Nay,Yea,Nay,Nay,Yea,Yea,Nay,Yea,Yea,Nay,Not Voting,Not Voting,Nay,Nay,Nay,Nay,Yea,Not Voting,Yea,Yea,,Nay,Nay,Yea,Not Voting,Nay,1824-04-20,0,,unknown,
Yea,Yea,Yea,Yea,,Not Voting,Yea,Nay,Nay,,Yea,Yea,Yea,Yea,,Not Voting,Not Voting,Yea,Yea,Yea,Nay,Yea,Yea,Yea,Yea,Yea,Not Voting,Nay,Yea,Not Voting,Not Voting,Not Voting,Yea,Nay,Yea,Yea,Yea,Not Voting,Not Voting,Not Voting,Yea,Not Voting,Yea,Yea,Nay,Yea,,Not Voting,Yea,Nay,Nay,Yea,1824-04-21,0,,unknown,
Yea,Nay,Yea,Yea,,Yea,Nay,Yea,Yea,,Yea,Nay,Nay,Yea,,Yea,Nay,Yea,Nay,Nay,Yea,Nay,Yea,Nay,Yea,Not Voting,Yea,Nay,Yea,Not Voting,Nay,Not Voting,Nay,Yea,Nay,Yea,Yea,Nay,Nay,Not Voting,Nay,Not Voting,Nay,Nay,Yea,Nay,,Yea,Yea,Nay,Nay,Yea,1824-04-22,0,,unknown,
Yea,Nay,Yea,Nay,,Nay,Nay,Yea,Nay,,Nay,Not Voting,Nay,Nay,,Yea,Nay,Yea,Nay,Nay,Nay,Nay,Nay,Nay,Nay,Not Voting,Yea,Nay,Nay,Nay,Nay,Yea,Nay,Yea,Nay,Nay,Yea,Not Voting,Yea,Not Voting,Nay,Nay,Yea,Nay,Yea,Nay,,Nay,Yea,Yea,Yea,Nay,1824-04-23,0,,unknown,
Nay,Yea,Nay,Nay,,Nay,Yea,Nay,Nay,,Nay,Nay,Nay,Nay,,Nay,Nay,Nay,Yea,Nay,Nay,Nay,Nay,Nay,Yea,Yea,Nay,Nay,Nay,Nay,Nay,Yea,Nay,Nay,Nay,Nay,Nay,Nay,Nay,Not Voting,Yea,Yea,Nay,Yea,Nay,Nay,,Nay,Nay,Nay,Nay,Yea,1824-04-23,0,,unknown,
Yea,Nay,Yea,Nay,,Yea,Nay,Yea,Yea,,Yea,Nay,Nay,Nay,,Yea,Yea,Yea,Nay,Nay,Yea,Nay,Nay,Nay,Nay,Nay,Yea,Yea,Nay,Nay,Nay,Yea,Nay,Yea,Nay,Nay,Yea,Nay,Yea,Not Voting,Nay,Nay,Yea,Nay,Yea,Nay,,Nay,Yea,Yea,Yea,Nay,1824-04-23,0,,unknown,
Yea,Nay,Yea,Nay,,Yea,Nay,Yea,Nay,,Yea,Nay,Nay,Nay,,Yea,Yea,Yea,Nay,Nay,Yea,Nay,Nay,Nay,Nay,Nay,Yea,Nay,Yea,Yea,Nay,Yea,Nay,Yea,Nay,Nay,Yea,Nay,Yea,Not Voting,Nay,Nay,Nay,Nay,Yea,Nay,,Nay,Yea,Nay,Yea,Nay,1824-04-23,0,,unknown,
Nay,Yea,Nay,Yea,,Nay,Yea,Nay,Nay,,Nay,Yea,Yea,Nay,,Nay,Yea,Nay,Yea,Yea,Nay,Yea,Yea,Yea,Yea,Yea,Nay,Nay,Nay,Yea,Yea,Yea,Yea,Nay,Yea,Nay,Nay,Yea,Nay,Not Voting,Yea,Nay,Yea,Yea,Nay,Yea,,Yea,Nay,Nay,Nay,Yea,1824-04-23,0,,unknown,
Yea,Yea,Nay,Nay,,Yea,Yea,Nay,Nay,,Nay,Nay,Nay,Nay,,Nay,Nay,Nay,Yea,Yea,Yea,Yea,Nay,Yea,Nay,Yea,Not Voting,Yea,Nay,Nay,Yea,Yea,Nay,Yea,Yea,Nay,Nay,Nay,Nay,Not Voting,Nay,Nay,Yea,Nay,Yea,Yea,,Nay,Not Voting,Yea,Nay,Nay,1824-04-24,0,,unknown,
Nay,Yea,Nay,Yea,,Nay,Yea,Nay,Nay,,Nay,Yea,Yea,Nay,,Nay,Yea,Nay,Yea,Yea,Nay,Yea,Yea,Yea,Yea,Yea,Not Voting,Nay,Nay,Not Voting,Yea,Yea,Yea,Nay,Yea,Nay,Nay,Yea,Nay,Not Voting,Yea,Nay,Yea,Yea,Nay,Yea,,Yea,Nay,Not Voting,Not Voting,Yea,1824-04-24,0,,unknown,
Nay,Nay,Nay,Nay,,Yea,Nay,Yea,Nay,,Nay,Not Voting,Nay,Nay,,Nay,Nay,Nay,Nay,Nay,Yea,Nay,Nay,Nay,Nay,Not Voting,Nay,Not Voting,Nay,Nay,Nay,Nay,Nay,Yea,Nay,Nay,Nay,Not Voting,Not Voting,Nay,Nay,Nay,Nay,Nay,Not Voting,Not Voting,,Nay,Nay,Nay,Not Voting,Not Voting,1824-04-27,0,,unknown,
Yea,Nay,Nay,Nay,,Yea,Nay,Nay,Yea,,Nay,Nay,Nay,Yea,,Yea,Nay,Yea,Yea,Yea,Yea,Nay,Yea,Nay,Yea,Yea,Yea,Yea,Nay,Nay,Yea,Yea,Nay,Yea,Nay,Nay,Yea,Nay,Nay,Yea,Nay,Nay,Yea,Nay,Yea,Nay,,Nay,Nay,Yea,Yea,Yea,1824-04-28,0,,unknown,
Yea,Nay,Nay,Nay,,Yea,Nay,Yea,Yea,,Nay,Nay,Nay,Nay,,Yea,Nay,Yea,Yea,Yea,Yea,Nay,Yea,Nay,Yea,Yea,Yea,Yea,Nay,Nay,Yea,Yea,Nay,Yea,Nay,Yea,Yea,Nay,Nay,Yea,Nay,Nay,Yea,Nay,Yea,Nay,,Nay,Nay,Yea,Yea,Yea,1824-04-29,0,,unknown,
Yea,Nay,Nay,Nay,,Yea,Nay,Nay,Yea,,Nay,Nay,Nay,Nay,,Yea,Nay,Yea,Yea,Yea,Yea,Nay,Yea,Nay,Yea,Yea,Yea,Yea,Nay,Nay,Yea,Yea,Nay,Yea,Nay,Nay,Yea,Nay,Nay,Yea,Nay,Nay,Yea,Nay,Yea,Nay,,Nay,Nay,Yea,Yea,Yea,1824-05-01,0,,unknown,
Nay,Nay,Yea,Nay,,Yea,Nay,Yea,Yea,,Nay,Nay,Nay,Nay,,Nay,Nay,Nay,Nay,Nay,Yea,Nay,Nay,Nay,Yea,Nay,Yea,Nay,Yea,Nay,Nay,Yea,Yea,Yea,Nay,Nay,Yea,Nay,Yea,Yea,Nay,Yea,Yea,Nay,Nay,Nay,,Yea,Yea,Yea,Yea,Yea,1824-05-03,0,,unknown,
Yea,Nay,Nay,Nay,,Yea,Nay,Nay,Yea,,Nay,Nay,Nay,Nay,,Yea,Nay,Yea,Yea,Yea,Yea,Nay,Yea,Nay,Yea,Yea,Yea,Yea,Nay,Nay,Yea,Yea,Nay,Yea,Nay,Nay,Yea,Nay,Nay,Yea,Nay,Nay,Yea,Nay,Yea,Nay,,Nay,Nay,Yea,Yea,Yea,1824-05-05,0,,unknown,
Yea,Nay,Yea,Nay,,Yea,Nay,Yea,Yea,,Nay,Nay,Not Voting,Nay,,Yea,Nay,Yea,Yea,Yea,Yea,Nay,Yea,Nay,Yea,Yea,Yea,Yea,Yea,Yea,Nay,Yea,Yea,Yea,Nay,Yea,Yea,Nay,Nay,Yea,Nay,Yea,Yea,Nay,Nay,Nay,,Yea,Nay,Yea,Yea,Yea,1824-05-05,0,,unknown,
Nay,Nay,Yea,Yea,,Nay,Nay,Nay,Yea,,Nay,Nay,Not Voting,Nay,,Yea,Yea,Yea,Yea,Yea,Nay,Yea,Yea,Nay,Yea,Yea,Yea,Yea,Nay,Yea,Nay,Yea,Nay,Yea,Yea,Nay,Yea,Yea,Nay,Yea,Nay,Nay,Yea,Nay,Nay,Yea,,Yea,Yea,Yea,Yea,Yea,1824-05-05,0,,unknown,
Yea,Nay,Nay,Nay,,Yea,Nay,Nay,Yea,,Nay,Nay,Nay,Nay,,Yea,Nay,Yea,Yea,Yea,Yea,Nay,Yea,Nay,Yea,Yea,Yea,Yea,Nay,Nay,Nay,Yea,Nay,Yea,Nay,Yea,Yea,Nay,Nay,Yea,Nay,Nay,Yea,Nay,Nay,Nay,,Nay,Nay,Yea,Yea,Yea,1824-05-06,0,,unknown,
Yea,Nay,Nay,Yea,,Yea,Nay,Nay,Yea,,Nay,Nay,Yea,Nay,,Yea,Nay,Yea,Yea,Yea,Yea,Yea,Yea,Nay,Yea,Yea,Yea,Yea,Yea,Nay,Nay,Yea,Nay,Yea,Nay,Nay,Yea,Nay,Nay,Yea,Nay,Nay,Yea,Nay,Nay,Nay,,Nay,Nay,Yea,Yea,Yea,1824-05-06,0,,unknown,
Nay,Nay,Nay,Yea,,Yea,Nay,Yea,Nay,,Nay,Nay,Yea,Nay,,Nay,Yea,Nay,Nay,Nay,Nay,Yea,Nay,Yea,Yea,Nay,Nay,Nay,Yea,Nay,Yea,Nay,Yea,Yea,Nay,Nay,Nay,Nay,Nay,Yea,Yea,Nay,Nay,Yea,Yea,Yea,,Nay,Nay,Nay,Nay,Yea,1824-05-06,0,,unknown,
Nay,Nay,Nay,Nay,,Yea,Nay,Nay,Nay,,Nay,Nay,Nay,Nay,,Yea,Nay,Yea,Yea,Yea,Nay,Nay,Yea,Nay,Yea,Yea,Nay,Yea,Nay,Nay,Yea,Nay,Nay,Nay,Nay,Not Voting,Nay,Nay,Nay,Nay,Nay,Nay,Yea,Nay,Nay,Nay,,Nay,Nay,Nay,Nay,Yea,1824-05-06,0,,unknown,
Yea,Nay,Nay,Yea,,Yea,Nay,Nay,Yea,,Nay,Nay,Yea,Nay,,Yea,Nay,Yea,Yea,Yea,Nay,Yea,Yea,Nay,Yea,Yea,Yea,Yea,Yea,Nay,Yea,Yea,Yea,Yea,Nay,Nay,Yea,Not Voting,Nay,Yea,Nay,Nay,Yea,Nay,Yea,Nay,,Nay,Yea,Yea,Yea,Yea,1824-05-06,0,,unknown,
Nay,Nay,Yea,Nay,,Nay,Nay,Yea,Yea,,Nay,Nay,Nay,Nay,,Nay,Nay,Nay,Nay,Nay,Yea,Nay,Nay,Nay,Nay,Nay,Yea,Nay,Yea,Yea,Nay,Yea,Yea,Nay,Nay,Not Voting,Yea,Nay,Nay,Yea,Nay,Nay,Yea,Nay,Nay,Nay,,Not Voting,Yea,Yea,Nay,Yea,1824-05-06,0,,unknown,
Yea,Nay,Nay,Nay,,Yea,Nay,Nay,Yea,,Nay,Nay,Nay,Nay,,Yea,Nay,Yea,Yea,Yea,Yea,Nay,Yea,Nay,Yea,Yea,Yea,Yea,Nay,Nay,Nay,Yea,Nay,Yea,Nay,Yea,Yea,Nay,Nay,Yea,Nay,Nay,Yea,Nay,Yea,Nay,,Nay,Nay,Yea,Yea,Yea,1824-05-06,0,,unknown,
Yea,Nay,Nay,Nay,,Yea,Nay,Nay,Yea,,Nay,Nay,Nay,Nay,,Yea,Nay,Yea,Yea,Yea,Nay,Nay,Yea,Nay,Yea,Yea,Yea,Yea,Nay,Nay,Yea,Yea,Nay,Yea,Nay,Not Voting,Yea,Nay,Nay,Yea,Nay,Nay,Yea,Nay,Yea,Nay,,Nay,Yea,Yea,Yea,Yea,1824-05-06,0,,unknown,
Yea,Nay,Nay,Nay,,Yea,Nay,Nay,Yea,,Nay,Nay,Nay,Nay,,Yea,Nay,Yea,Yea,Yea,Nay,Nay,Yea,Nay,Yea,Not Voting,Nay,Yea,Nay,Nay,Yea,Yea,Nay,Yea,Nay,Not Voting,Yea,Nay,Nay,Yea,Nay,Nay,Yea,Nay,Yea,Nay,,Nay,Nay,Yea,Yea,Yea,1824-05-07,0,,unknown,
Yea,Nay,Nay,Nay,,Yea,Nay,Nay,Yea,,Nay,Nay,Nay,Nay,,Yea,Nay,Yea,Yea,Yea,Yea,Nay,Yea,Nay,Yea,Yea,Yea,Yea,Nay,Nay,Yea,Yea,Nay,Yea,Nay,Yea,Yea,Nay,Nay,Nay,Nay,Nay,Yea,Nay,Yea,Nay,,Nay,Nay,Yea,Yea,Yea,1824-05-07,0,,unknown,
Yea,Nay,Nay,Yea,,Yea,Nay,Nay,Yea,,Nay,Nay,Yea,Nay,,Yea,Nay,Yea,Yea,Yea,Yea,Yea,Yea,Nay,Yea,Yea,Yea,Yea,Nay,Nay,Yea,Yea,Nay,Yea,Nay,Yea,Yea,Nay,Nay,Yea,Nay,Yea,Yea,Nay,Yea,Nay,,Nay,Nay,Yea,Yea,Yea,1824-05-07,0,,unknown,
Yea,Nay,Nay,Nay,,Yea,Nay,Nay,Yea,,Nay,Nay,Yea,Nay,,Yea,Nay,Yea,Yea,Yea,Yea,Nay,Yea,Nay,Yea,Yea,Yea,Yea,Nay,Nay,Yea,Yea,Nay,Yea,Nay,,Yea,Nay,Nay,Yea,Nay,Nay,Yea,Nay,Yea,Nay,,Nay,Nay,Yea,Yea,Yea,1824-05-07,0,,unknown,
Yea,Nay,Nay,Nay,,Yea,Nay,Nay,Yea,,Nay,Nay,Nay,Nay,,Yea,Nay,Yea,Yea,Yea,Yea,Nay,Yea,Nay,Yea,Yea,Yea,Yea,Nay,Nay,Yea,Yea,Nay,Yea,Nay,,Yea,Nay,Nay,Yea,Nay,Nay,Yea,Nay,Yea,Nay,,Nay,Nay,Yea,Yea,Yea,1824-05-07,0,,unknown,
Yea,Nay,Nay,Yea,,Yea,Nay,Nay,Yea,,Nay,Nay,Yea,Nay,,Yea,Nay,Yea,Yea,Yea,Yea,Yea,Yea,Yea,Yea,Yea,Yea,Yea,Nay,Nay,Yea,Yea,Nay,Yea,Nay,,Yea,Nay,Nay,Yea,Nay,Nay,Yea,Nay,Yea,Yea,,Nay,Yea,Yea,Yea,Yea,1824-05-07,0,,unknown,
Nay,Yea,Nay,Yea,,Nay,Yea,Nay,Nay,,Yea,Yea,Yea,Yea,,Nay,Yea,Nay,Nay,Nay,Nay,Yea,Nay,Yea,Nay,Nay,Nay,Nay,Yea,Yea,Nay,Nay,Yea,Nay,Yea,,Nay,Yea,Yea,Nay,Yea,Yea,Nay,Yea,Nay,Yea,,Nay,Nay,Nay,Nay,Nay,1824-05-07,0,,unknown,
Yea,Nay,Yea,Yea,,Nay,Nay,Yea,Yea,,Yea,Nay,Nay,Nay,,Yea,Nay,Yea,Yea,Yea,Yea,Nay,Yea,Nay,Yea,Yea,Yea,Yea,Yea,Yea,Yea,Yea,Yea,Yea,Nay,,Yea,Nay,Nay,Yea,Nay,Nay,Yea,Nay,Nay,Nay,,Yea,Yea,Yea,Yea,Yea,1824-05-07,0,,unknown,
Yea,Yea,Yea,Nay,,Yea,Nay,Yea,Yea,,Yea,Nay,Nay,Nay,,Yea,Nay,Yea,Yea,Yea,Yea,Nay,Yea,Nay,Yea,Yea,Yea,Yea,Nay,Yea,Yea,Yea,Yea,Yea,Nay,,Yea,Nay,Nay,Yea,Nay,Nay,Yea,Nay,Yea,Nay,,Yea,Yea,Yea,Yea,Yea,1824-05-07,0,,unknown,
Yea,Nay,Nay,Yea,,Yea,Nay,Nay,Yea,,Nay,Nay,Yea,Nay,,Yea,Nay,Yea,Yea,Yea,Nay,Yea,Yea,Nay,Not Voting,Yea,Yea,Yea,Nay,Nay,Yea,Yea,Nay,Yea,Nay,,Yea,Nay,Nay,Yea,Nay,Nay,Yea,Nay,Yea,Nay,,Nay,Nay,Yea,Yea,Yea,1824-05-07,0,,unknown,
Nay,Nay,Nay,Yea,,Nay,Nay,Nay,Nay,,Yea,Yea,Yea,Nay,,Nay,Yea,Nay,Nay,Nay,Nay,Yea,Nay,Nay,Nay,Nay,Nay,Nay,Nay,Nay,Yea,Nay,Yea,Nay,Nay,,Nay,Nay,Nay,Nay,Yea,Nay,Yea,Nay,Yea,Yea,,Nay,Nay,Nay,Nay,Nay,1824-05-07,0,,unknown,
Yea,Nay,Nay,Nay,,Yea,Nay,Nay,Yea,,Nay,Nay,Nay,Nay,,Yea,Nay,Yea,Yea,Yea,Yea,Nay,Yea,Nay,Yea,Yea,Yea,Yea,Nay,Nay,Yea,Yea,Nay,Yea,Nay,,Yea,Nay,Nay,Yea,Nay,Nay,Yea,Nay,Nay,Nay,,Nay,Yea,Yea,Yea,Yea,1824-05-07,0,,unknown,
Yea,Nay,Nay,Nay,,Yea,Nay,Nay,Yea,,Nay,Nay,Nay,Nay,,Yea,Nay,Yea,Yea,Yea,Nay,Nay,Yea,Nay,Yea,Yea,Yea,Yea,Nay,Nay,Yea,Yea,Nay,Yea,Nay,,Yea,Nay,Nay,Yea,Nay,Nay,Nay,Nay,Nay,Nay,,Nay,Yea,Yea,Yea,Yea,1824-05-07,0,,unknown,
Yea,Yea,Nay,Nay,,Nay,Nay,Nay,Yea,,Nay,Nay,Yea,Yea,,Nay,Nay,Not Voting,Nay,Nay,Nay,Yea,Not Voting,Yea,Nay,Yea,Not Voting,Yea,Yea,Not Voting,Nay,Yea,Nay,Nay,Not Voting,,Not Voting,Not Voting,Not Voting,Yea,Nay,Yea,Not Voting,Not Voting,Yea,Nay,,Nay,Not Voting,Yea,Not Voting,Nay,1824-05-08,0,,unknown,
Yea,Nay,Nay,Yea,,Yea,Nay,Nay,Yea,,Nay,Nay,Yea,Nay,,Yea,Nay,Yea,Yea,Yea,Yea,Yea,Yea,Yea,Yea,Yea,Yea,Yea,Nay,Nay,Yea,Yea,Nay,Yea,Yea,,Yea,Nay,Nay,Yea,Nay,Nay,Yea,Yea,Yea,Yea,,Nay,Yea,Yea,Yea,Yea,1824-05-08,0,,unknown,
Yea,Nay,Nay,Yea,,Yea,Nay,Nay,Yea,,Nay,Nay,Not Voting,Nay,,Yea,Nay,Yea,Yea,Yea,Yea,Yea,Yea,Nay,Yea,Yea,Yea,Yea,Nay,Nay,Yea,Yea,Nay,Yea,Nay,,Yea,Nay,Nay,Yea,Nay,Nay,Yea,Nay,Yea,Nay,,Nay,Nay,Yea,Yea,Yea,1824-05-08,0,,unknown,
Nay,Yea,Yea,Yea,,Nay,Yea,Yea,Nay,,Yea,Yea,Yea,Yea,,Nay,Yea,Nay,Nay,Nay,Yea,Nay,Nay,Nay,Nay,Nay,Nay,Nay,Yea,Yea,Nay,Nay,Yea,Nay,Yea,,Nay,Yea,Yea,Nay,Yea,Yea,Nay,Yea,Nay,Yea,,Yea,Nay,Nay,Nay,Nay,1824-05-08,0,,unknown,
Yea,Yea,Nay,Yea,,Yea,Nay,Nay,Yea,,Nay,Nay,Yea,Nay,,Yea,Nay,Yea,Yea,Yea,Yea,Nay,Yea,Nay,Yea,Yea,Yea,Yea,Nay,Nay,Yea,Yea,Nay,Yea,Nay,,Yea,Nay,Nay,Nay,Nay,Nay,Yea,Nay,Yea,Nay,,Nay,Nay,Yea,Yea,Yea,1824-05-08,0,,unknown,
Nay,Yea,Yea,Nay,,Nay,Yea,Yea,Nay,,Yea,Yea,Yea,Yea,,Nay,Yea,Nay,Nay,Nay,Yea,Yea,Nay,Yea,Nay,Nay,Nay,Nay,Yea,Yea,Nay,Nay,Yea,Nay,Yea,,Nay,Yea,Yea,Nay,Yea,Yea,Nay,Yea,Nay,Yea,,Yea,Yea,Nay,Nay,Nay,1824-05-08,0,,unknown,
Nay,Nay,Nay,Nay,,Not Voting,Nay,Yea,Yea,,Nay,Nay,Not Voting,Nay,,Nay,Nay,Nay,Nay,Nay,Nay,Nay,Nay,Nay,Nay,Nay,Not Voting,Nay,Nay,Nay,Not Voting,Nay,Nay,Yea,Nay,,Nay,Not Voting,Yea,Not Voting,Nay,Nay,Nay,Nay,Yea,Not Voting,,Nay,Not Voting,Nay,Not Voting,Nay,1824-05-10,0,,unknown,
Nay,Yea,Yea,Yea,,Yea,Yea,Yea,Nay,,Nay,Yea,Yea,Yea,,Nay,Yea,Nay,Nay,Yea,Yea,Yea,Nay,Yea,Yea,Nay,Nay,Yea,Nay,Nay,Yea,Nay,Nay,Nay,Nay,,Nay,Yea,Yea,Yea,Yea,Nay,Nay,Yea,Yea,Yea,,Nay,Nay,Nay,Yea,Yea,1824-05-10,0,,unknown,
Yea,Nay,Nay,Yea,,Yea,Yea,Yea,Yea,,Nay,Yea,Nay,Nay,,Yea,Nay,Yea,Yea,Yea,Yea,Nay,Yea,Yea,Yea,Yea,Nay,Yea,Nay,Nay,Yea,Nay,Nay,Yea,Yea,,Nay,Nay,Nay,Nay,Yea,Nay,Yea,Yea,Yea,Yea,,Yea,Nay,Yea,Yea,Yea,1824-05-10,0,,unknown,
Yea,Nay,Nay,Nay,,Yea,Nay,Nay,Nay,,Nay,Nay,Nay,Nay,,Yea,Nay,Yea,Yea,Yea,Nay,Nay,Yea,Nay,Yea,Yea,Yea,Yea,Nay,Nay,Nay,Yea,Nay,Yea,Nay,,Yea,Nay,Nay,Yea,Nay,Nay,Yea,Nay,Yea,Nay,,Nay,Nay,Nay,Yea,Yea,1824-05-10,0,,unknown,
Yea,Nay,Nay,Nay,,Yea,Nay,Nay,Nay,,Nay,Nay,Nay,Nay,,Yea,Nay,Yea,Yea,Yea,Nay,Nay,Yea,Nay,Yea,Yea,Yea,Yea,Nay,Nay,Nay,Nay,Nay,Yea,Nay,,Nay,Nay,Nay,Nay,Nay,Nay,Nay,Nay,Yea,Nay,,Nay,Nay,Nay,Yea,Yea,1824-05-10,0,,unknown,
Nay,Yea,Yea,Yea,,Nay,Yea,Yea,Nay,,Yea,Yea,Nay,Yea,,Nay,Yea,Nay,Nay,Nay,Nay,Yea,Nay,Yea,Nay,Nay,Nay,Nay,Yea,Yea,Nay,Nay,Yea,Nay,Yea,,Nay,Yea,Yea,Nay,Yea,Yea,Nay,Yea,Nay,Yea,,Yea,Yea,Nay,Nay,Nay,1824-05-11,0,,unknown,
Nay,Nay,Nay,Nay,,Yea,Nay,Nay,Yea,,Nay,Nay,Nay,Nay,,Nay,Nay,Nay,Yea,Nay,Nay,Nay,Nay,Nay,Nay,Nay,Yea,Nay,Nay,Nay,Nay,Yea,Nay,Yea,Nay,,Yea,Nay,Nay,Yea,Nay,Nay,Nay,Nay,Nay,Nay,,Nay,Not Voting,Nay,Nay,Nay,1824-05-11,0,,unknown,
Yea,Nay,Nay,Nay,,Yea,Nay,Nay,Yea,,Yea,Nay,Nay,Nay,,Yea,Nay,Yea,Yea,Yea,Yea,Nay,Yea,Nay,Yea,Yea,Yea,Yea,Yea,Nay,Not Voting,Yea,Nay,Yea,Nay,,Yea,Nay,Nay,Yea,Nay,Nay,Yea,Nay,Nay,Nay,,Nay,Yea,Yea,Yea,Yea,1824-05-11,0,,unknown,
Yea,Nay,Nay,Nay,,Yea,Nay,Nay,Yea,,Yea,Nay,Nay,Nay,,Yea,Nay,Yea,Yea,Yea,Yea,Nay,Yea,Nay,Yea,Yea,Yea,Yea,Yea,Nay,Not Voting,Yea,Nay,Yea,Nay,,Yea,Nay,Nay,Yea,Nay,Nay,Yea,Nay,Nay,Nay,,Nay,Yea,Yea,Yea,Yea,1824-05-11,0,,unknown,
Yea,Nay,Yea,Nay,,Yea,Nay,Yea,Yea,,Nay,Nay,Nay,Nay,,Yea,Nay,Yea,Yea,Yea,Yea,Nay,Yea,Not Voting,Yea,Yea,Yea,Yea,Yea,Nay,Yea,Yea,Yea,Yea,Nay,,Yea,Nay,Nay,Yea,Nay,Yea,Yea,Nay,Yea,Nay,,Yea,Yea,Yea,Yea,Yea,1824-05-11,0,,unknown,
Nay,Nay,Nay,Nay,,Yea,Nay,Nay,Nay,,Nay,Nay,Nay,Nay,,Nay,Nay,Nay,Nay,Nay,Nay,Nay,Nay,Yea,Nay,Nay,Nay,Nay,Nay,Nay,Yea,Nay,Nay,Nay,Not Voting,,Nay,Nay,Nay,Nay,Nay,Nay,Nay,Yea,Yea,Yea,,Nay,Nay,Nay,Nay,Nay,1824-05-11,0,,unknown,
Nay,Yea,Nay,Yea,,Yea,Yea,Nay,Nay,,Yea,Yea,Yea,Yea,,Nay,Yea,Nay,Nay,Nay,Nay,Yea,Yea,Yea,Yea,Nay,Nay,Nay,Nay,Yea,Yea,Nay,Nay,Nay,Yea,,Nay,Nay,Nay,Nay,Yea,Nay,Nay,Yea,Yea,Yea,,Nay,Nay,Nay,Nay,Nay,1824-05-11,0,,unknown,
Nay,Yea,Yea,Yea,,Nay,Yea,Yea,Nay,,Yea,Yea,Yea,Yea,,Nay,Yea,Nay,Nay,Nay,Yea,Yea,Yea,Yea,Yea,Nay,Nay,Nay,Yea,Yea,Yea,Nay,Yea,Nay,Yea,,Nay,Yea,Yea,Nay,Yea,Yea,Nay,Yea,Nay,Yea,,Yea,Yea,Nay,Nay,Nay,1824-05-11,0,,unknown,
Yea,Nay,Nay,Nay,,Yea,Nay,Nay,Yea,,Nay,Nay,Nay,Nay,,Yea,Nay,Yea,Yea,Yea,Nay,Nay,Yea,Nay,Yea,Yea,Yea,Yea,Nay,Nay,Nay,Yea,Nay,Yea,Nay,,Yea,Nay,Nay,Yea,Nay,Nay,Yea,Nay,Yea,Nay,,Nay,Nay,Yea,Yea,Yea,1824-05-11,0,,unknown,
Yea,Nay,Yea,Nay,,Yea,Nay,Yea,Yea,,Yea,Nay,Nay,Nay,,Yea,Nay,Yea,Yea,Yea,Yea,Nay,Yea,Nay,Yea,Yea,Yea,Yea,Yea,Yea,Nay,Yea,Yea,Yea,Nay,,Yea,Nay,Yea,Yea,Nay,Yea,Yea,Nay,Nay,Nay,,Yea,Nay,Yea,Yea,Yea,1824-05-11,0,,unknown,
Nay,Nay,Nay,Yea,,Yea,Yea,Nay,Nay,,Nay,Nay,Not Voting,Nay,,Nay,Yea,Nay,Nay,Nay,Nay,Yea,Nay,Yea,Nay,Nay,Nay,Nay,Nay,Nay,Yea,Nay,Nay,Nay,Nay,,Nay,Nay,Nay,Nay,Yea,Nay,Nay,Yea,Nay,Yea,,Yea,Nay,Nay,Nay,Nay,1824-05-11,0,,unknown,
Yea,Nay,Nay,Nay,,Yea,Nay,Nay,Yea,,Nay,Nay,Nay,Nay,,Yea,Nay,Yea,Yea,Yea,Yea,Yea,Yea,Nay,Yea,Yea,Yea,Yea,Nay,Nay,Yea,Yea,Nay,Yea,Nay,,Yea,Nay,Nay,Yea,Nay,Nay,Yea,Nay,Yea,Nay,,Nay,Yea,Yea,Yea,Yea,1824-05-11,0,,unknown,
Yea,Nay,Nay,Nay,,Yea,Nay,Nay,Yea,,Nay,Nay,Nay,Nay,,Yea,Nay,Yea,Yea,Yea,Nay,Nay,Nay,Nay,Nay,Yea,Yea,Yea,Nay,Nay,Yea,Yea,Nay,Yea,Nay,,Yea,Nay,Nay,Yea,Nay,Nay,Yea,Nay,Yea,Yea,,Nay,Yea,Yea,Yea,Yea,1824-05-12,0,,unknown,
Nay,Yea,Yea,Yea,,Nay,Yea,Yea,Nay,,Yea,Yea,Yea,Yea,,Nay,Yea,Nay,Nay,Nay,Yea,Yea,Nay,Yea,Nay,Nay,Nay,Nay,Yea,Yea,Nay,Nay,Yea,Nay,Yea,,Nay,Yea,Yea,Nay,Yea,Yea,Nay,Yea,Nay,Yea,,Yea,Yea,Nay,Nay,Nay,1824-05-12,0,,unknown,
Yea,Yea,Yea,Yea,,Yea,Yea,Yea,Yea,,Yea,Yea,Not Voting,Yea,,Yea,Not Voting,Yea,Yea,Yea,Yea,Yea,Yea,Yea,Yea,Yea,Yea,Yea,Yea,Yea,Not Voting,Yea,Yea,Yea,Yea,,Yea,Not Voting,Not Voting,Yea,Not Voting,Yea,Yea,Yea,Yea,Not Voting,,Yea,Yea,Yea,Yea,Yea,1824-05-12,0,,unknown,
Nay,Yea,Nay,Yea,,Not Voting,Yea,Nay,Nay,,Nay,Nay,Yea,Yea,,Yea,Yea,Nay,Yea,Yea,Nay,Yea,Yea,Yea,Yea,Yea,Nay,Yea,Not Voting,Nay,Not Voting,Nay,Yea,Nay,Nay,,Nay,Nay,Nay,Nay,Nay,Yea,Nay,Yea,Nay,Yea,,Yea,Nay,Nay,Nay,Not Voting,1824-05-13,0,,unknown,
Nay,Yea,Yea,Yea,,Nay,Yea,Yea,Nay,,Yea,Yea,Yea,Yea,,Nay,Yea,Nay,Nay,Nay,Yea,Yea,Nay,Yea,Nay,Nay,Nay,Nay,Yea,Yea,Not Voting,Nay,Yea,Nay,Yea,,Nay,Yea,Yea,Nay,Yea,Yea,Nay,Yea,Nay,Yea,,Yea,Yea,Nay,Nay,Nay,1824-05-13,0,,unknown,
Nay,Nay,Yea,Yea,,Not Voting,Yea,Yea,Not Voting,,Yea,Not Voting,Not Voting,Yea,,Not Voting,Not Voting,Yea,Yea,Yea,Not Voting,Nay,Not Voting,Nay,Yea,Not Voting,Nay,Yea,Not Voting,Nay,Not Voting,Nay,Yea,Yea,Not Voting,,Nay,Yea,Not Voting,Yea,Yea,Yea,Yea,Not Voting,Not Voting,Not Voting,,Nay,Not Voting,Nay,Not Voting,Not Voting,1824-05-14,0,,unknown,
Yea,Nay,Nay,Nay,,Yea,Nay,Nay,Yea,,Nay,Nay,Nay,Nay,,Yea,Nay,Yea,Yea,Yea,Yea,Yea,Yea,Nay,Yea,Yea,Yea,Yea,Nay,Nay,Not Voting,Yea,Nay,Yea,Nay,,Yea,Nay,Nay,Yea,Nay,Nay,Yea,Nay,Yea,Nay,,Nay,Nay,Yea,Yea,Yea,1824-05-17,0,,unknown,
Nay,Yea,Yea,Yea,,Nay,Yea,Yea,Nay,,Yea,Yea,Nay,Yea,,Nay,Yea,Nay,Nay,Nay,Nay,Nay,Nay,Yea,Nay,Nay,Nay,Nay,Yea,Yea,Not Voting,Nay,Yea,Nay,Yea,,Nay,Yea,Yea,Nay,Yea,Yea,Nay,Yea,Nay,Yea,,Yea,Nay,Nay,Nay,Nay,1824-05-17,0,,unknown,
Yea,Nay,Nay,Nay,,Yea,Nay,Yea,Yea,,Yea,Nay,Nay,Yea,,Yea,Nay,Yea,Yea,Nay,Nay,Nay,Yea,Nay,Yea,Yea,Yea,Yea,Nay,Yea,Not Voting,Yea,Yea,Yea,Nay,,Yea,Nay,Nay,Nay,Nay,Yea,Yea,Nay,Nay,Nay,,Yea,Yea,Yea,Yea,Nay,1824-05-17,0,,unknown,
Yea,Yea,Yea,Nay,,Not Voting,Yea,Nay,Yea,,Nay,Nay,Yea,Yea,,Yea,Nay,Yea,Yea,Yea,Yea,Yea,Yea,Yea,Yea,Yea,Yea,Yea,Yea,Nay,Not Voting,Yea,Nay,Nay,Yea,,Yea,Yea,Yea,Yea,Not Voting,Yea,Yea,Yea,Yea,Yea,,Yea,Yea,Yea,Yea,Yea,1824-05-17,0,,unknown,
Yea,Yea,Nay,Yea,,Not Voting,Yea,Nay,Nay,,Nay,Nay,Not Voting,Yea,,Yea,Yea,Nay,Yea,Yea,Nay,Yea,Yea,Yea,Yea,Yea,Nay,Nay,Yea,Yea,Not Voting,Not Voting,Yea,Nay,Yea,,Nay,Yea,Nay,Nay,Nay,Yea,Not Voting,Yea,Nay,Yea,,Yea,Yea,Nay,Nay,Not Voting,1824-05-17,0,,unknown,
Nay,Nay,Not Voting,Yea,,Not Voting,Nay,Yea,Yea,,Yea,Yea,Yea,Nay,,Nay,Nay,Nay,Nay,Nay,Nay,Yea,Nay,Nay,Nay,Nay,Yea,Nay,Yea,Yea,Not Voting,Not Voting,Nay,Yea,Nay,,Nay,Nay,Nay,Yea,Nay,Nay,Not Voting,Nay,Nay,Nay,,Nay,Nay,Not Voting,Nay,Not Voting,1824-05-18,0,,unknown,
Nay,Yea,Nay,Yea,,Nay,Yea,Nay,Nay,,Yea,Yea,Yea,Nay,,Nay,Yea,Nay,Nay,Yea,Nay,Yea,Yea,Yea,Yea,Yea,Nay,Nay,Not Voting,Yea,Not Voting,Yea,Yea,Nay,Yea,,Nay,Yea,Nay,Yea,Yea,Nay,Yea,Yea,Nay,Yea,,Yea,Nay,Nay,Nay,Yea,1824-05-19,0,,unknown,
Yea,Yea,Nay,Nay,,Yea,Nay,Nay,Yea,,Nay,Nay,Yea,Yea,,Yea,Yea,Yea,Yea,Nay,Yea,Nay,Yea,Yea,Nay,Yea,Yea,Yea,Yea,Yea,Not Voting,Yea,Yea,Yea,Yea,,Yea,Nay,Nay,Nay,Not Voting,Yea,Yea,Yea,Yea,Yea,,Yea,Yea,Yea,Yea,Nay,1824-05-19,0,,unknown,
Yea,Yea,Yea,Yea,,Yea,Yea,Nay,Yea,,Nay,Not Voting,Yea,Yea,,Yea,Yea,Yea,Yea,Yea,Yea,Yea,Yea,Yea,Yea,Yea,Yea,Yea,Yea,Not Voting,Not Voting,Yea,Yea,Yea,Yea,,Yea,Not Voting,Yea,Yea,Yea,Yea,Not Voting,Not Voting,Yea,Not Voting,,Yea,Not Voting,Yea,Not Voting,Yea,1824-05-21,0,,unknown,
Yea,Yea,Yea,Yea,,Yea,Yea,Nay,Yea,,Nay,Not Voting,Yea,Yea,,Yea,Yea,Yea,Yea,Yea,Yea,Yea,Not Voting,Yea,Yea,Yea,Yea,Yea,Yea,Not Voting,Not Voting,Yea,Yea,Yea,Yea,,Yea,Not Voting,Not Voting,Yea,Yea,Yea,Not Voting,Not Voting,Yea,Not Voting,,Yea,Not Voting,Yea,Not Voting,Yea,1824-05-21,0,,unknown,
Yea,Yea,Nay,Nay,,Nay,Yea,Nay,Nay,,Yea,Not Voting,Nay,Yea,,Nay,Yea,Yea,Nay,Not Voting,Yea,Yea,Yea,Yea,Yea,Yea,Nay,Nay,Nay,Not Voting,Not Voting,Not Voting,Yea,Nay,Yea,,Yea,Yea,Nay,Nay,Yea,Yea,Nay,Yea,Not Voting,Yea,,Yea,Yea,Yea,Yea,Not Voting,1824-05-21,0,,unknown,
Yea,Yea,Yea,Nay,,Not Voting,Nay,Yea,Not Voting,,Yea,Yea,Yea,Yea,,Yea,Yea,Yea,Yea,Yea,Yea,Yea,Yea,Yea,Yea,Yea,Not Voting,Yea,Not Voting,Not Voting,Not Voting,Not Voting,Yea,Nay,Yea,,Yea,Nay,Yea,Yea,Yea,Yea,Yea,Yea,Not Voting,Yea,,Yea,Not Voting,Not Voting,Not Voting,Not Voting,1824-05-21,0,,unknown,
Nay,Nay,Yea,Nay,,Nay,Yea,Yea,Nay,,Yea,Yea,Nay,Nay,,Yea,Nay,Yea,Nay,Nay,Yea,Nay,Nay,Nay,Nay,Nay,Nay,Not Voting,Yea,Not Voting,Not Voting,Nay,Yea,Yea,Nay,,Nay,Nay,Not Voting,Nay,Yea,Nay,Yea,Not Voting,Nay,Nay,,Yea,Yea,Nay,Yea,Nay,1824-05-22,0,,unknown,
Yea,Yea,Nay,Nay,,Nay,Nay,Nay,Yea,,Nay,Nay,Yea,Yea,,Nay,Yea,Nay,Yea,Yea,Nay,Yea,Yea,Yea,Nay,Yea,Yea,Nay,Nay,Not Voting,Not Voting,Yea,Nay,Nay,Yea,,Yea,Yea,Not Voting,Yea,Nay,Yea,Nay,Not Voting,Yea,Yea,,Nay,Nay,Yea,Nay,Yea,1824-05-22,0,,unknown,
Yea,Yea,Nay,Yea,,Nay,Yea,Nay,Yea,,Nay,Nay,Yea,Yea,,Nay,Yea,Nay,Yea,Yea,Nay,Yea,Yea,Yea,Nay,Yea,Yea,Nay,Yea,Not Voting,Not Voting,Yea,Yea,Yea,Yea,,Yea,Yea,Not Voting,Yea,Yea,Yea,Nay,Not Voting,Yea,Yea,,Nay,Nay,Yea,Nay,Yea,1824-05-22,0,,unknown,
Yea,Yea,Nay,Yea,,Yea,Nay,Nay,Yea,,Nay,Nay,Yea,Yea,,Nay,Yea,Nay,Yea,Yea,Nay,Yea,Yea,Yea,Nay,Yea,Yea,Nay,Yea,Not Voting,Not Voting,Yea,Nay,Nay,Yea,,Yea,Yea,Not Voting,Yea,Yea,Yea,Nay,Not Voting,Yea,Yea,,Nay,Nay,Yea,Nay,Yea,1824-05-22,0,,unknown,
Nay,Yea,Nay,Yea,,Nay,Nay,Nay,Yea,,Nay,Nay,Yea,Yea,,Nay,Yea,Nay,Yea,Yea,Nay,Yea,Yea,Yea,Nay,Yea,Yea,Nay,Yea,Not Voting,Not Voting,Nay,Nay,Nay,Yea,,Yea,Yea,Not Voting,Yea,Nay,Yea,Nay,Not Voting,Yea,Nay,,Nay,Nay,Yea,Nay,Yea,1824-05-22,0,,unknown,
Yea,Yea,Nay,Yea,,Yea,Yea,Nay,Yea,,Nay,Nay,Yea,Yea,,Nay,Yea,Nay,Yea,Yea,Nay,Yea,Yea,Yea,Yea,Yea,Yea,Yea,Yea,Not Voting,Not Voting,Yea,Yea,Nay,Yea,,Yea,Not Voting,Not Voting,Yea,Nay,Yea,Nay,Not Voting,Yea,Yea,,Nay,Nay,Yea,Nay,Yea,1824-05-22,0,,unknown,
Not Voting,Yea,Nay,Nay,,Not Voting,Nay,Nay,Nay,,Not Voting,Nay,Yea,Yea,,Not Voting,Nay,Nay,Not Voting,Nay,Nay,Not Voting,Yea,Not Voting,Nay,Yea,Not Voting,Not Voting,Not Voting,Nay,Not Voting,Nay,Nay,Nay,Not Voting,,Not Voting,Nay,Not Voting,Yea,Nay,Yea,Nay,Not Voting,Yea,Not Voting,,Nay,Nay,Nay,Nay,Nay,1824-05-22,0,,unknown,
Not Voting,Nay,Yea,Yea,,Not Voting,Yea,Nay,Yea,,Not Voting,Yea,Nay,Yea,,Not Voting,Not Voting,Yea,Not Voting,Yea,Yea,Not Voting,Yea,Not Voting,Yea,Yea,Not Voting,Yea,Not Voting,Yea,Not Voting,Not Voting,Yea,Yea,Not Voting,,Not Voting,Yea,Not Voting,Yea,Yea,Yea,Yea,Not Voting,Nay,Not Voting,,Yea,Yea,Yea,Not Voting,Not Voting,1824-05-25,0,,unknown,
Not Voting,Nay,Nay,Yea,,Not Voting,Nay,Nay,Nay,,Not Voting,Nay,Nay,Nay,,Not Voting,Not Voting,Nay,Not Voting,Yea,Nay,Not Voting,Yea,Not Voting,Yea,Yea,Not Voting,Yea,Not Voting,Nay,Not Voting,Nay,Yea,Nay,Not Voting,,Not Voting,Yea,Not Voting,Nay,Yea,Yea,Yea,Not Voting,Not Voting,Not Voting,,Yea,Yea,Nay,Not Voting,Yea,1824-05-25,0,,unknown,
Not Voting,Yea,Nay,Yea,,Not Voting,Yea,Nay,Nay,,Not Voting,Yea,Nay,Nay,,Not Voting,Yea,Yea,Not Voting,Yea,Yea,Not Voting,Not Voting,Not Voting,Yea,Yea,Not Voting,Nay,Not Voting,Yea,Not Voting,Yea,Nay,Nay,Not Voting,,Not Voting,Yea,Not Voting,Yea,Yea,Yea,Yea,Not Voting,Not Voting,Yea,,Yea,Not Voting,Not Voting,Not Voting,Yea,1824-05-25,0,,unknown,
Yea,Nay,Nay,Not Voting,Yea,Yea,Nay,Yea,Yea,Nay,Not Voting,Yea,Yea,Yea,,Yea,Yea,Yea,Yea,Yea,Yea,Yea,,Yea,Yea,Yea,Yea,Yea,Yea,Yea,Yea,Yea,Yea,Nay,Not Voting,,Yea,Nay,Yea,Yea,Nay,Yea,Yea,Yea,,Yea,,Yea,Yea,Yea,,Yea,1824-12-21,0,,unknown,
Nay,Nay,Yea,Nay,Nay,Nay,Yea,Yea,Yea,Yea,Yea,Yea,Nay,Yea,,Yea,Nay,Yea,Not Voting,Not Voting,Nay,Nay,,Nay,Nay,Not Voting,Yea,Nay,Not Voting,Nay,Yea,Yea,Nay,Nay,Yea,,Yea,Yea,Yea,Yea,Yea,Yea,Nay,Nay,,Not Voting,Nay,Yea,Nay,Not Voting,,Nay,1825-01-03,0,,unknown,
Not Voting,Yea,Yea,Nay,Nay,Nay,Yea,Yea,Yea,Yea,Yea,Yea,Nay,Yea,,Yea,Nay,Yea,Yea,Nay,Nay,Nay,,Nay,Nay,Nay,Yea,Nay,Not Voting,Nay,Yea,Nay,Nay,Nay,Yea,,Yea,Yea,Yea,Yea,Yea,Yea,Nay,Nay,,Not Voting,Yea,Nay,Nay,Not Voting,,Nay,1825-01-04,0,,unknown,
Yea,Not Voting,Yea,Yea,Yea,Yea,Yea,Yea,Yea,Yea,Nay,Yea,Yea,Yea,,Yea,Not Voting,Yea,Yea,Yea,Yea,Yea,,Yea,Yea,Not Voting,Yea,Yea,Not Voting,Yea,Yea,Yea,Yea,Yea,Yea,,Yea,Yea,Yea,Yea,Yea,Yea,Yea,Yea,,Not Voting,Yea,Yea,Yea,Not Voting,,Yea,1825-01-05,0,,unknown,
Nay,Nay,Yea,Not Voting,Not Voting,Nay,Nay,Nay,Nay,Nay,Not Voting,Nay,Yea,Yea,,Yea,Yea,Yea,Yea,Yea,Nay,Yea,,Yea,Yea,Not Voting,Yea,Not Voting,Not Voting,Yea,Yea,Not Voting,Yea,Nay,Yea,,Yea,Not Voting,Yea,Yea,Yea,Yea,Yea,Nay,,Not Voting,Nay,Yea,Yea,Not Voting,,Not Voting,1825-01-06,0,,unknown,
Yea,Yea,Yea,Yea,Yea,Yea,Yea,Yea,Yea,Yea,Yea,Yea,Yea,Yea,,Yea,Yea,Yea,Yea,Yea,Yea,Yea,,Yea,Yea,Yea,Yea,Not Voting,Yea,Yea,Yea,Yea,Yea,Yea,Yea,,Yea,Not Voting,Yea,Yea,Yea,Yea,Yea,Yea,,Yea,Yea,Yea,Yea,Yea,,Not Voting,1825-01-13,0,,unknown,
Yea,Yea,Yea,Yea,Yea,Yea,Yea,Yea,Yea,Yea,Yea,Yea,Yea,Yea,,Yea,Yea,Yea,Yea,Yea,Yea,Yea,,Yea,Yea,Yea,Yea,Yea,Yea,Yea,Yea,Yea,Yea,Yea,Yea,,Yea,Yea,Yea,Yea,Not Voting,Yea,Yea,Yea,,Yea,Yea,Yea,Yea,Yea,,Yea,1825-01-13,0,,unknown,
Yea,Yea,Yea,Yea,Yea,Yea,Yea,Yea,Yea,Yea,Not Voting,Yea,Yea,Yea,,Yea,Yea,Yea,Yea,Yea,Yea,Yea,,Yea,Yea,Yea,Yea,Yea,Yea,Yea,Yea,Yea,Yea,Yea,Yea,,Yea,Not Voting,Yea,Yea,Yea,Yea,Yea,Yea,,Yea,Yea,Yea,Yea,Yea,,Not Voting,1825-01-13,0,,unknown,
Yea,Yea,Yea,Yea,Not Voting,Nay,Yea,Nay,Yea,Nay,Yea,Nay,Yea,Yea,,Yea,Nay,Yea,Yea,Yea,Yea,Yea,,Yea,Yea,Yea,Yea,Not Voting,Yea,Yea,Yea,Yea,Nay,Nay,Yea,,Yea,Yea,Yea,Yea,Nay,Yea,Yea,Yea,,Yea,Yea,Nay,Yea,Yea,,Not Voting,1825-01-03,0,,unknown,
Yea,Nay,Nay,Yea,Yea,Yea,Nay,Nay,Nay,Nay,Nay,Nay,Yea,Nay,,Yea,Yea,Nay,Nay,Yea,Not Voting,Yea,,Yea,Yea,Not Voting,Nay,Yea,Nay,Not Voting,Nay,Yea,Yea,Yea,Not Voting,,Nay,Nay,Nay,Nay,Nay,Nay,Yea,Yea,,Yea,Nay,Yea,Yea,Nay,,Not Voting,1825-01-17,0,,unknown,
Not Voting,Nay,Yea,Nay,Nay,Not Voting,Nay,Nay,Yea,Not Voting,Yea,Nay,Yea,Nay,,Nay,Nay,Nay,Nay,Nay,Nay,Nay,,Nay,Nay,Nay,Yea,Yea,Yea,Yea,Not Voting,Yea,Nay,Nay,Nay,,Not Voting,Yea,Yea,Yea,Yea,Yea,Yea,Nay,,Nay,Nay,Yea,Yea,Yea,,Nay,1825-01-25,0,,unknown,
Not Voting,Yea,Not Voting,Yea,Yea,Nay,Yea,Nay,Nay,Nay,Yea,Not Voting,Yea,Yea,,Yea,Not Voting,Nay,Nay,Yea,Nay,Yea,,Yea,Yea,Yea,Nay,Nay,Yea,Yea,Not Voting,Yea,Yea,Nay,Yea,,Not Voting,Yea,Yea,Yea,Yea,Yea,Yea,Yea,,Yea,Nay,Yea,Yea,Yea,,Nay,1825-01-25,0,,unknown,
Nay,Yea,Yea,Yea,Yea,Yea,Yea,Yea,Yea,Yea,Yea,Yea,Nay,Yea,,Yea,Yea,Yea,Nay,Nay,Yea,Nay,,Nay,Nay,Nay,Yea,Yea,Yea,Yea,Yea,Nay,Yea,Yea,Yea,,Nay,Not Voting,Yea,Yea,Yea,Yea,Yea,Yea,,Yea,Yea,Yea,Yea,Yea,,Yea,1825-02-01,0,,unknown,
Yea,Nay,Nay,Nay,Nay,Nay,Nay,Nay,Nay,Not Voting,Yea,Nay,Nay,Yea,,Nay,Nay,Nay,Yea,Nay,Nay,Nay,,Not Voting,Yea,Yea,Nay,Nay,Nay,Not Voting,Nay,Yea,Yea,Nay,Not Voting,,Yea,Not Voting,Yea,Yea,Yea,Yea,Yea,Nay,,Nay,Nay,Nay,Yea,Nay,,Nay,1825-02-03,0,,unknown,
Nay,Yea,Yea,Nay,Yea,Yea,Yea,Yea,Yea,Yea,Yea,Yea,Nay,Nay,,Not Voting,Yea,Yea,Nay,Not Voting,Not Voting,Nay,,Nay,Nay,Nay,Nay,Not Voting,Nay,Not Voting,Nay,Nay,Yea,Yea,Nay,,Nay,Yea,Nay,Nay,Yea,Nay,Nay,Yea,,Yea,Yea,Yea,Nay,Yea,,Nay,1825-02-04,0,,unknown,
Nay,Nay,Yea,Nay,Nay,Yea,Yea,Yea,Yea,Yea,Yea,Yea,Nay,Nay,,Not Voting,Yea,Yea,Nay,Not Voting,Not Voting,Nay,,Nay,Nay,Nay,Nay,Nay,Nay,Not Voting,Nay,Nay,Yea,Yea,Nay,,Nay,Nay,Nay,Nay,Yea,Nay,Nay,Yea,,Yea,Nay,Nay,Nay,Yea,,Nay,1825-02-04,0,,unknown,
Nay,Yea,Yea,Nay,Not Voting,Yea,Yea,Yea,Yea,Yea,Nay,Yea,Nay,Nay,,Nay,Yea,Yea,Nay,Not Voting,Yea,Nay,,Not Voting,Nay,Not Voting,Yea,Nay,Nay,Nay,Yea,Nay,Nay,Yea,Nay,,Nay,Yea,Nay,Nay,Yea,Nay,Nay,Yea,,Nay,Yea,Yea,Yea,Yea,,Yea,1825-02-04,0,,unknown,
Not Voting,Yea,Yea,Yea,Nay,Nay,Nay,Nay,Yea,Not Voting,Yea,Nay,Yea,Nay,,Not Voting,Nay,Nay,Yea,Not Voting,Nay,Nay,,Yea,Yea,Yea,Yea,Nay,Yea,Yea,Not Voting,Yea,Nay,Nay,Yea,,Yea,Nay,Yea,Yea,Not Voting,Yea,Nay,Yea,,Nay,Nay,Nay,Nay,Yea,,Not Voting,1825-02-08,0,,unknown,
Yea,Nay,Yea,Nay,Nay,Yea,Nay,Yea,Yea,Yea,Yea,Yea,Not Voting,Nay,,Not Voting,Not Voting,Yea,Nay,Nay,Yea,Not Voting,,Nay,Nay,Nay,Yea,Nay,Yea,Nay,Not Voting,Nay,Yea,Yea,Not Voting,,Yea,Nay,Not Voting,Nay,Nay,Nay,Nay,Nay,,Yea,Yea,Nay,Yea,Not Voting,,Nay,1825-02-11,0,,unknown,
Yea,Yea,Nay,Nay,Nay,Yea,Nay,Nay,Yea,Yea,Not Voting,Nay,Nay,Yea,,Yea,Yea,Nay,Not Voting,Nay,Nay,Nay,,Nay,Nay,Nay,Yea,Nay,Nay,Nay,Not Voting,Nay,Yea,Yea,Not Voting,,Yea,Nay,Nay,Nay,Nay,Nay,Nay,Nay,,Yea,Yea,Nay,Yea,Yea,,Nay,1825-02-15,0,,unknown,
Not Voting,Yea,Yea,Yea,Yea,Yea,Yea,Yea,Yea,Yea,Not Voting,Yea,Yea,Not Voting,,Not Voting,Not Voting,Yea,Not Voting,Yea,Yea,Not Voting,,Yea,Not Voting,Yea,Nay,Yea,Yea,Yea,Not Voting,Not Voting,Nay,Nay,Yea,,Not Voting,Not Voting,Yea,Yea,Yea,Yea,Yea,Yea,,Yea,Yea,Yea,Not Voting,Not Voting,,Yea,1825-02-16,0,,unknown,
Yea,Yea,Yea,Yea,Yea,Yea,Yea,Not Voting,Not Voting,Yea,Nay,Yea,Yea,Yea,,Not Voting,Yea,Yea,Not Voting,Nay,Not Voting,Not Voting,,Not Voting,Not Voting,Yea,Nay,Yea,Yea,Yea,Not Voting,Yea,Nay,Nay,Yea,,Not Voting,Not Voting,Yea,Yea,Yea,Yea,Yea,Yea,,Yea,Yea,Yea,Yea,Not Voting,,Nay,1825-02-16,0,,unknown,
Yea,Yea,Yea,Yea,Yea,Nay,Yea,Nay,Yea,Yea,Yea,Yea,Yea,Yea,,Yea,Yea,Not Voting,Yea,Yea,Yea,Yea,,Yea,Yea,Yea,Yea,Yea,Yea,Nay,Not Voting,Yea,Yea,Yea,Yea,,Not Voting,Yea,Not Voting,Yea,Nay,Yea,Yea,Yea,,Not Voting,Yea,Yea,Yea,Not Voting,,Yea,1825-02-16,0,,unknown,
Yea,Yea,Nay,Yea,Yea,Yea,Nay,Nay,Yea,Yea,Yea,Nay,Nay,Yea,,Yea,Yea,Nay,Yea,Nay,Nay,Nay,,Nay,Not Voting,Nay,Yea,Nay,Yea,Nay,Not Voting,Nay,Yea,Nay,Yea,,Yea,Nay,Nay,Yea,Nay,Nay,Nay,Nay,,Yea,Yea,Nay,Yea,Yea,,Yea,1825-02-16,0,,unknown,
Yea,Yea,Nay,Nay,Nay,Yea,Nay,Nay,Yea,Yea,Yea,Nay,Nay,Yea,,Yea,Yea,Nay,Yea,Nay,Nay,Nay,,Nay,Nay,Nay,Yea,Nay,Nay,Yea,Not Voting,Nay,Not Voting,Yea,Yea,,Yea,Nay,Nay,Nay,Nay,Nay,Nay,Nay,,Yea,Yea,Nay,Yea,Yea,,Nay,1825-02-17,0,,unknown,
Yea,Yea,Nay,Yea,Yea,Yea,Nay,Nay,Yea,Yea,Yea,Nay,Nay,Yea,,Yea,Yea,Nay,Yea,Nay,Nay,Nay,,Nay,Nay,Nay,Yea,Nay,Yea,Nay,Not Voting,Nay,Not Voting,Nay,Yea,,Yea,Nay,Nay,Nay,Nay,Nay,Nay,Nay,,Yea,Yea,Nay,Yea,Yea,,Yea,1825-02-17,0,,unknown,
Nay,Nay,Nay,Nay,Nay,Yea,Nay,Nay,Yea,Yea,Yea,Nay,Nay,Nay,,Yea,Nay,Nay,Nay,Nay,Nay,Nay,,Nay,Nay,Nay,Nay,Nay,Nay,Nay,Not Voting,Nay,Not Voting,Nay,Nay,,Nay,Nay,Nay,Nay,Nay,Nay,Nay,Nay,,Nay,Yea,Nay,Nay,Nay,,Nay,1825-02-17,0,,unknown,
Yea,Yea,Yea,Nay,Nay,Yea,Nay,Yea,Yea,Yea,Yea,Nay,Yea,Yea,,Yea,Yea,Nay,Yea,Nay,Nay,Nay,,Nay,Nay,Nay,Yea,Yea,Yea,Yea,Not Voting,Yea,Not Voting,Yea,Yea,,Yea,Nay,Not Voting,Yea,Nay,Yea,Yea,Nay,,Yea,Yea,Nay,Yea,Yea,,Nay,1825-02-17,0,,unknown,
Nay,Nay,Not Voting,Nay,Nay,Not Voting,Yea,Nay,Nay,Nay,Nay,Nay,Not Voting,Yea,,Nay,Yea,Nay,Nay,Nay,Nay,Nay,,Yea,Nay,Yea,Nay,Nay,Yea,Yea,Not Voting,Not Voting,Nay,Nay,Nay,,Nay,Yea,Not Voting,Yea,Yea,Yea,Nay,Yea,,Nay,Nay,Nay,Yea,Nay,,Nay,1825-02-18,0,,unknown,
Yea,Nay,Not Voting,Yea,Yea,Nay,Nay,Nay,Nay,Yea,Nay,Nay,Yea,Nay,,Not Voting,Yea,Yea,Yea,Yea,Nay,Yea,,Yea,Yea,Yea,Nay,Nay,Nay,Nay,Not Voting,Not Voting,Yea,Nay,Nay,,Yea,Not Voting,Not Voting,Yea,Nay,Yea,Yea,Yea,,Nay,Nay,Nay,Yea,Nay,,Nay,1825-02-18,0,,unknown,
Not Voting,Nay,Yea,Nay,Nay,Not Voting,Nay,Yea,Yea,Yea,Yea,Yea,Nay,Yea,,Nay,Yea,Not Voting,Nay,Nay,Not Voting,Nay,,Nay,Nay,Nay,Yea,Nay,Not Voting,Yea,Not Voting,Yea,Yea,Yea,Yea,,Nay,Nay,Yea,Yea,Nay,Yea,Yea,Not Voting,,Not Voting,Not Voting,Nay,Yea,Not Voting,,Nay,1825-02-22,0,,unknown,
Not Voting,Yea,Nay,Yea,Yea,Nay,Yea,Nay,Nay,Nay,Nay,Nay,Yea,Nay,,Yea,Nay,Not Voting,Yea,Yea,Nay,Yea,,Yea,Yea,Yea,Nay,Yea,Not Voting,Nay,Not Voting,Nay,Nay,Nay,Nay,,Yea,Yea,Nay,Nay,Yea,Nay,Nay,Not Voting,,Yea,Nay,Yea,Nay,Not Voting,,Yea,1825-02-22,0,,unknown,
Not Voting,Yea,Nay,Yea,Nay,Nay,Not Voting,Nay,Yea,Nay,Nay,Nay,Yea,Nay,,Yea,Yea,Not Voting,Yea,Yea,Yea,Yea,,Yea,Yea,Yea,Nay,Nay,Not Voting,Nay,Not Voting,Yea,Yea,Nay,Nay,,Yea,Nay,Nay,Yea,Yea,Yea,Yea,Not Voting,,Nay,Nay,Nay,Yea,Not Voting,,Nay,1825-02-22,0,,unknown,
Yea,Yea,Not Voting,Yea,Yea,Nay,Nay,Nay,Yea,Nay,Nay,Not Voting,Yea,Nay,,Yea,Yea,Not Voting,Yea,Yea,Yea,Yea,,Yea,Not Voting,Yea,Nay,Nay,Nay,Nay,Not Voting,Yea,Yea,Nay,Nay,,Yea,Nay,Nay,Yea,Yea,Yea,Yea,Yea,,Nay,Nay,Not Voting,Yea,Not Voting,,Nay,1825-02-23,0,,unknown,
Yea,Nay,Yea,Nay,Nay,Yea,Nay,Yea,Yea,Yea,Nay,Yea,Nay,Nay,,Yea,Nay,Not Voting,Yea,Yea,Yea,Nay,,Nay,Nay,Nay,Yea,Yea,Yea,Nay,Not Voting,Nay,Nay,Yea,Nay,,Yea,Nay,Nay,Nay,Nay,Nay,Nay,Nay,,Not Voting,Yea,Nay,Yea,Not Voting,,Yea,1825-02-23,0,,unknown,
Yea,Yea,Nay,Yea,Yea,Yea,Yea,Nay,Nay,Yea,Nay,Nay,Not Voting,Nay,,Yea,Nay,Not Voting,Yea,Not Voting,Nay,Yea,,Yea,Yea,Not Voting,Yea,Yea,Yea,Nay,Not Voting,Yea,Nay,Yea,Not Voting,,Yea,Yea,Yea,Yea,Yea,Nay,Yea,Not Voting,,Yea,Yea,Yea,Yea,Not Voting,,Yea,1825-02-24,0,,unknown,
Nay,Nay,Yea,Nay,Nay,Yea,Nay,Yea,Yea,Not Voting,Nay,Yea,Nay,Nay,,Nay,Yea,Not Voting,Nay,Yea,Yea,Nay,,Nay,Nay,Nay,Yea,Nay,Yea,Nay,Not Voting,Nay,Nay,Yea,Nay,,Nay,Nay,Nay,Nay,Nay,Nay,Nay,Nay,,Nay,Yea,Nay,Nay,Nay,,Nay,1825-02-24,0,,unknown,
Nay,Yea,Nay,Yea,Yea,Nay,Yea,Nay,Nay,Not Voting,Yea,Nay,Yea,Yea,,Nay,Nay,Not Voting,Nay,Nay,Yea,Yea,,Yea,Yea,Yea,Nay,Yea,Yea,Yea,Not Voting,Yea,Yea,Nay,Yea,,Nay,Yea,Yea,Yea,Yea,Not Voting,Yea,Yea,,Yea,Nay,Yea,Nay,Yea,,Nay,1825-02-24,0,,unknown,
Yea,Nay,Nay,Yea,Nay,Yea,Nay,Nay,Nay,Not Voting,Not Voting,Nay,Not Voting,Nay,,Yea,Nay,Not Voting,Yea,Yea,Nay,Yea,,Nay,Nay,Nay,Nay,Nay,Nay,Nay,Not Voting,Nay,Nay,Nay,Nay,,Not Voting,Nay,Not Voting,Nay,Nay,Nay,Nay,Nay,,Yea,Yea,Nay,Nay,Nay,,Yea,1825-02-24,0,,unknown,
Nay,Yea,Nay,Nay,Yea,Nay,Yea,Nay,Nay,Not Voting,Yea,Yea,Yea,Yea,,Nay,Yea,Not Voting,Nay,Nay,Nay,Yea,,Yea,Yea,Yea,Nay,Nay,Nay,Yea,Not Voting,Yea,Yea,Nay,Yea,,Not Voting,Yea,Not Voting,Yea,Yea,Nay,Yea,Yea,,Not Voting,Nay,Yea,Nay,Yea,,Yea,1825-02-24,0,,unknown,
Nay,Yea,Yea,Nay,Nay,Yea,Yea,Yea,Yea,Nay,Yea,Yea,Not Voting,Yea,,Yea,Yea,Yea,Nay,Yea,Yea,Nay,,Nay,Nay,Not Voting,Not Voting,Yea,Not Voting,Yea,Not Voting,Nay,Yea,Yea,Not Voting,,Nay,Nay,Not Voting,Yea,Nay,Yea,Yea,Nay,,Not Voting,Yea,Nay,Yea,Yea,,Yea,1825-03-01,0,,unknown,
Nay,Nay,Nay,Nay,Not Voting,Nay,Yea,Yea,Nay,Nay,Nay,Yea,Nay,Not Voting,,Nay,Yea,Nay,Nay,Not Voting,Nay,Nay,,Nay,Nay,Nay,Not Voting,Nay,Not Voting,Yea,Not Voting,Nay,Nay,Yea,Not Voting,,Nay,Nay,Not Voting,Nay,Yea,Nay,Nay,Not Voting,,Not Voting,Nay,Nay,Nay,Not Voting,,Nay,1825-03-01,0,,unknown,
Yea,Yea,Yea,Yea,Not Voting,Yea,Nay,Nay,Yea,Yea,Yea,Nay,Yea,Not Voting,,Yea,Yea,Yea,Yea,Not Voting,Yea,Yea,,Yea,Yea,Yea,Not Voting,Yea,Not Voting,Yea,Not Voting,Yea,Yea,Nay,Not Voting,,Yea,Yea,Not Voting,Yea,Nay,Yea,Yea,Nay,,Not Voting,Yea,Yea,Yea,Not Voting,,Yea,1825-03-01,0,,unknown,
Yea,Yea,Not Voting,Yea,Not Voting,Nay,Yea,Nay,Not Voting,Yea,Not Voting,Yea,Not Voting,Not Voting,,Yea,Yea,Yea,Nay,Not Voting,Yea,Not Voting,,Yea,Yea,Yea,Not Voting,Nay,Not Voting,Not Voting,Not Voting,Not Voting,Yea,Nay,Not Voting,,Nay,Not Voting,Not Voting,Yea,Yea,Not Voting,Nay,Not Voting,,Not Voting,Yea,Not Voting,Yea,Not Voting,,Yea,1825-03-01,0,,unknown,
Nay,Yea,Nay,Nay,Not Voting,Not Voting,Not Voting,Yea,Yea,Nay,Yea,Nay,Nay,Not Voting,,Nay,Nay,Nay,Nay,Not Voting,Nay,Not Voting,,Nay,Nay,Nay,Not Voting,Nay,Not Voting,Nay,Nay,Yea,Yea,Yea,Not Voting,,Nay,Yea,Not Voting,Nay,Nay,Nay,Nay,Nay,,Yea,Nay,Nay,Yea,Yea,,Not Voting,1825-03-02,0,,unknown,
Yea,Nay,Nay,Yea,Not Voting,Not Voting,Not Voting,Nay,Yea,Yea,Nay,Yea,Not Voting,Not Voting,,Not Voting,Yea,Yea,Yea,Not Voting,Nay,Not Voting,,Yea,Yea,Yea,Not Voting,Yea,Not Voting,Nay,Yea,Nay,Yea,Yea,Not Voting,,Yea,Yea,Not Voting,Nay,Nay,Nay,Yea,Yea,,Yea,Yea,Not Voting,Yea,Nay,,Not Voting,1825-03-02,0,,unknown,
Yea,Yea,Yea,Yea,Yea,Yea,Yea,Yea,Yea,Yea,Yea,Yea,Not Voting,Yea,,Not Voting,Yea,Yea,Yea,Yea,Yea,Not Voting,,Not Voting,Yea,Yea,Not Voting,Yea,Not Voting,Not Voting,Yea,Not Voting,Yea,Yea,Yea,,Not Voting,Not Voting,Not Voting,Yea,Yea,Not Voting,Yea,Yea,,Not Voting,Yea,Yea,Not Voting,Not Voting,,Not Voting,1825-03-03,0,,unknown,
Yea,Nay,Yea,Yea,Yea,Nay,Yea,Nay,Yea,Yea,Nay,Yea,Yea,Yea,,Yea,Yea,Yea,Yea,Yea,Yea,Not Voting,,Yea,Yea,Yea,Not Voting,Yea,Not Voting,Yea,Yea,Yea,Yea,Yea,Yea,,Yea,Not Voting,Not Voting,Yea,Yea,Yea,Yea,Yea,,Not Voting,Yea,Yea,Yea,Yea,,Yea,1825-03-03,0,,unknown,
