A000167,B000026,B000049,B000198,B000249,B000477,B000488,B000731,B000927,B000942,C000005,C000289,C000382,C000408,C000487,C000671,C000764,C000863,D000024,D000069,D000075,D000138,D000151,D000243,D000254,D000331,E000052,E000091,E000153,E000257,F000297,F000301,F000322,F000364,G000020,G000235,G000279,G000293,G000294,G000318,G000394,G000442,G000488,G000502,H000161,H000225,H000299,H000475,H000574,H000611,H000735,H000915,I000011,J000012,J000227,K000246,K000253,L000195,L000204,L000229,L000316,L000336,L000366,L000528,L000545,M000034,M000157,M000259,M000983,M001066,N000058,N000084,N000100,N000161,O000127,P000021,P000065,P000357,P000381,P000482,R000047,R000093,R000120,R000553,S000222,S000259,S000312,S000330,S000508,S000566,S000570,S000609,S000693,S000794,S000912,S000955,S001073,T000025,T000108,T000127,T000141,T000173,T000183,T000206,T000368,T000370,V000022,V000074,W000014,W000094,W000526,W000534,W000722,date,isAmendment,requires,result,title,billTitle,committee,officialTitle,sponsor
Yea,Nay,Yea,Nay,Not Voting,Nay,Yea,Nay,Nay,Yea,Not Voting,Nay,Yea,Yea,Yea,Not Voting,Nay,Nay,Nay,Not Voting,Nay,Yea,Yea,Not Voting,Yea,Nay,Nay,Yea,Not Voting,Nay,Nay,Nay,Yea,Nay,Yea,Nay,Yea,Nay,Nay,Nay,Nay,Yea,Nay,Nay,Yea,Not Voting,Not Voting,Not Voting,Yea,Nay,Yea,Not Voting,Nay,Yea,Yea,Yea,Not Voting,Yea,Nay,Yea,,Not Voting,Not Voting,Nay,Yea,Yea,Nay,,Nay,Yea,Yea,Yea,Not Voting,Nay,Nay,Yea,Nay,Not Voting,Nay,Nay,Yea,,Nay,Nay,Not Voting,Nay,Not Voting,Nay,Yea,Not Voting,,Not Voting,Not Voting,Yea,,Not Voting,Yea,Yea,,,Nay,Nay,Nay,Yea,Yea,Yea,Yea,Not Voting,Nay,Nay,Nay,Yea,Nay,1799-12-30,0,,unknown,hr182,,,,unknown
Yea,Yea,Yea,Yea,Yea,Yea,Yea,Yea,Yea,Yea,Not Voting,Yea,Yea,Yea,Yea,Yea,Not Voting,Not Voting,Yea,Yea,Yea,Yea,Yea,Yea,Yea,Not Voting,Yea,Yea,Yea,Yea,Yea,Yea,Yea,Yea,Yea,Yea,Yea,Yea,Yea,Yea,Yea,Yea,Yea,Yea,Yea,Yea,Not Voting,Yea,Yea,Yea,Yea,Yea,Yea,Yea,Yea,Yea,Not Voting,Yea,Yea,Not Voting,,Not Voting,Not Voting,Not Voting,Not Voting,Yea,Yea,,Yea,Not Voting,Yea,Yea,Yea,Yea,Yea,Yea,Yea,Not Voting,Yea,Yea,Yea,,Yea,Yea,Not Voting,Yea,Not Voting,Yea,Not Voting,Not Voting,,Not Voting,Not Voting,Yea,,Yea,Yea,Yea,,,Nay,Yea,Yea,Yea,Yea,Not Voting,Yea,Not Voting,Yea,Yea,Yea,Yea,Yea,1800-01-03,0,,unknown,,,,,unknown
Yea,Yea,Nay,Yea,Yea,Yea,Nay,Yea,Yea,Nay,Not Voting,Yea,Nay,Nay,Nay,Nay,Yea,Not Voting,Yea,Yea,Yea,Nay,Nay,Yea,Yea,Yea,Yea,Nay,Nay,Yea,Yea,Yea,Nay,Yea,Nay,Yea,Yea,Yea,Yea,Yea,Nay,Nay,Yea,Yea,Nay,Yea,Yea,Yea,Nay,Yea,Nay,Yea,Yea,Nay,Nay,Nay,Yea,Yea,Yea,Nay,,Yea,Not Voting,Yea,Nay,Nay,Yea,,Yea,Nay,Nay,Nay,Nay,Yea,Yea,Yea,Yea,Not Voting,Yea,Yea,Nay,,Yea,Yea,Not Voting,Yea,Yea,Yea,Nay,Not Voting,,Yea,Not Voting,Nay,,Nay,Nay,Yea,,,Yea,Yea,Yea,Nay,Nay,Nay,Nay,Nay,Yea,Yea,Yea,Nay,Yea,1800-01-10,0,,unknown,,,,,unknown
Nay,Yea,Nay,Nay,Nay,Yea,Nay,Nay,Yea,Nay,Nay,Yea,Nay,Nay,Not Voting,Nay,Yea,Nay,Nay,Nay,Nay,Nay,Nay,Nay,Nay,Nay,Nay,Nay,Nay,Nay,Nay,Not Voting,Nay,Nay,Nay,Nay,Nay,Nay,Nay,Yea,Nay,Nay,Nay,Not Voting,Nay,Nay,Nay,Not Voting,Nay,Nay,Nay,Nay,Nay,Nay,Nay,Nay,Nay,Nay,Nay,Nay,,Nay,Not Voting,Nay,Not Voting,Nay,Nay,,Nay,Nay,Nay,Nay,Nay,Nay,Nay,Nay,Nay,Not Voting,Yea,Nay,Nay,,Nay,Yea,Not Voting,Nay,Yea,Nay,Nay,Not Voting,,Nay,Not Voting,Nay,,Not Voting,Nay,Nay,,,Nay,Not Voting,Not Voting,Nay,Nay,Nay,Nay,Nay,Yea,Not Voting,Nay,Nay,Nay,1800-01-23,0,,unknown,,,,,unknown
Nay,Nay,Yea,Nay,Nay,Nay,Yea,Nay,Nay,Yea,Yea,Nay,Yea,Yea,Not Voting,Yea,Nay,Nay,Nay,Nay,Nay,Yea,Yea,Nay,Nay,Nay,Nay,Yea,Yea,Nay,Nay,Not Voting,Yea,Nay,Yea,Nay,Yea,Nay,Nay,Nay,Nay,Yea,Nay,Not Voting,Yea,Nay,Nay,Not Voting,Yea,Nay,Yea,Nay,Nay,Yea,Yea,Yea,Nay,Nay,Nay,Yea,,Yea,Not Voting,Nay,Not Voting,Yea,Nay,,Nay,Yea,Yea,Yea,Yea,Nay,Nay,Nay,Nay,Not Voting,Nay,Nay,Yea,,Nay,Nay,Not Voting,Nay,Nay,Nay,Yea,Not Voting,,Nay,Not Voting,Yea,,Not Voting,Yea,Nay,,,Nay,Nay,Nay,Yea,Yea,Yea,Yea,Not Voting,Nay,Nay,Nay,Yea,Nay,1800-01-23,0,,unknown,,,,,unknown
Yea,Nay,Yea,Nay,Nay,Nay,Yea,Nay,Nay,Yea,Yea,Nay,Yea,Yea,Not Voting,Yea,Nay,Nay,Nay,Nay,Nay,Yea,Yea,Nay,Yea,Nay,Nay,Yea,Yea,Nay,Nay,Not Voting,Yea,Nay,Yea,Nay,Yea,Nay,Nay,Nay,Yea,Yea,Nay,Not Voting,Yea,Nay,Yea,Nay,Yea,Nay,Yea,Yea,Nay,Yea,Yea,Yea,Nay,Nay,Nay,Yea,,Yea,Not Voting,Nay,Yea,Yea,Yea,,Nay,Yea,Yea,Yea,Yea,Yea,Nay,Nay,Yea,Not Voting,Nay,Nay,Yea,,Nay,Nay,Not Voting,Nay,Nay,Nay,Yea,Not Voting,,Yea,Not Voting,Yea,,Yea,Yea,Yea,,,Nay,Nay,Nay,Yea,Yea,Yea,Yea,Yea,Nay,Nay,Nay,Yea,Nay,1800-01-23,0,,unknown,,,,,unknown
Nay,Yea,Nay,Yea,Yea,Yea,Nay,Yea,Yea,Nay,Nay,Yea,Nay,Nay,Not Voting,Nay,Yea,Yea,Yea,Yea,Yea,Nay,Nay,Yea,Nay,Yea,Yea,Nay,Nay,Yea,Yea,Not Voting,Nay,Yea,Nay,Yea,Nay,Yea,Yea,Yea,Yea,Nay,Yea,Not Voting,Nay,Yea,Nay,Nay,Nay,Yea,Nay,Yea,Yea,Nay,Nay,Nay,Yea,Yea,Yea,Nay,,Nay,Not Voting,Yea,Nay,Nay,Nay,,Yea,Nay,Nay,Nay,Nay,Yea,Yea,Yea,Yea,Not Voting,Yea,Yea,Nay,,Yea,Yea,Not Voting,Yea,Yea,Yea,Nay,Not Voting,,Nay,Not Voting,Nay,,Nay,Nay,Nay,,,Yea,Yea,Yea,Nay,Nay,Nay,Nay,Nay,Yea,Yea,Yea,Nay,Yea,1800-01-23,0,,unknown,,,,,unknown
Yea,Yea,Nay,Nay,Nay,Nay,Nay,Nay,Nay,Nay,Nay,Nay,Nay,Nay,Not Voting,Nay,Nay,Nay,Nay,Nay,Nay,Nay,Nay,Yea,Nay,Nay,Nay,Nay,Nay,Yea,Nay,Not Voting,Nay,Nay,Nay,Nay,Nay,Nay,Nay,Nay,Nay,Nay,Nay,Not Voting,Nay,Nay,Nay,Nay,Nay,Nay,Nay,Yea,Nay,Nay,Nay,Nay,Nay,Yea,Nay,Nay,,Nay,Not Voting,Nay,Nay,Nay,Nay,,Nay,Nay,Nay,Nay,Nay,Yea,Nay,Nay,Yea,Not Voting,Nay,Yea,Nay,,Nay,Nay,Not Voting,Nay,Nay,Nay,Nay,Not Voting,,Nay,Not Voting,Nay,,Nay,Nay,Nay,,,Yea,Nay,Nay,Nay,Nay,Nay,Nay,Nay,Nay,Nay,Nay,Yea,Nay,1800-01-23,0,,unknown,,,,,unknown
Yea,Nay,Yea,Nay,Nay,Not Voting,Yea,Nay,Nay,Yea,Yea,Not Voting,Yea,Yea,Yea,Yea,Nay,Nay,Nay,Nay,Nay,Yea,Yea,Nay,Yea,Nay,Nay,Yea,Yea,Nay,Nay,Nay,Yea,Nay,Yea,Nay,Not Voting,Nay,Nay,Nay,Yea,Yea,Nay,Nay,Yea,Nay,Yea,Nay,Yea,Nay,Yea,Nay,Nay,Yea,Yea,Not Voting,Nay,Nay,Nay,Yea,,Yea,Yea,Nay,Yea,Yea,Nay,,Nay,Yea,Not Voting,Yea,Yea,Not Voting,Nay,Not Voting,Not Voting,Nay,Nay,Nay,Not Voting,,Nay,Nay,Not Voting,Nay,Nay,Nay,Yea,Not Voting,,Yea,Not Voting,Yea,,Yea,Yea,Yea,,,Nay,Nay,Nay,Yea,Yea,Yea,Yea,Not Voting,Nay,Nay,Nay,Yea,Nay,1800-01-28,0,,unknown,,,,,unknown
Yea,Nay,Yea,Nay,Not Voting,Nay,Not Voting,Nay,Nay,Yea,Yea,Nay,Yea,Yea,Yea,Yea,Nay,Nay,Nay,Nay,Nay,Yea,Yea,Nay,Nay,Nay,Nay,Yea,Yea,Nay,Nay,Nay,Yea,Nay,Yea,Nay,Yea,Nay,Nay,Nay,Yea,Yea,Nay,Nay,Yea,Nay,Nay,Nay,Yea,Nay,Yea,Yea,Nay,Yea,Yea,Yea,Nay,Nay,Not Voting,Yea,,Yea,Yea,Nay,Yea,Nay,Nay,,Nay,Yea,Yea,Yea,Yea,Nay,Nay,Nay,Nay,Nay,Nay,Nay,Not Voting,,Nay,Not Voting,Not Voting,Nay,Nay,Nay,Yea,Not Voting,,Yea,Nay,Yea,,Yea,Yea,Yea,,,Nay,Nay,Nay,Yea,Yea,Yea,Yea,Not Voting,Nay,Nay,Nay,Nay,Nay,1800-01-29,0,,unknown,,,,,unknown
Yea,Yea,Yea,Yea,Nay,Yea,Yea,Nay,Nay,Yea,Yea,Nay,Yea,Yea,Yea,Yea,Nay,Nay,Nay,Nay,Nay,Yea,Yea,Nay,Yea,Yea,Nay,Yea,Yea,Yea,Nay,Nay,Yea,Nay,Yea,Nay,Yea,Nay,Nay,Yea,Yea,Yea,Nay,Yea,Yea,Yea,Yea,Nay,Yea,Not Voting,Yea,Yea,Nay,Yea,Yea,Yea,Nay,Yea,Nay,Yea,,Yea,Yea,Nay,Yea,Nay,Yea,,Nay,Yea,Yea,Yea,Yea,Nay,Nay,Yea,Yea,Yea,Nay,Yea,Not Voting,,Yea,Not Voting,Not Voting,Nay,Yea,Nay,Nay,Not Voting,,Yea,Yea,Yea,,Yea,Yea,Yea,,,Nay,Nay,Yea,Yea,Nay,Yea,Yea,Not Voting,Nay,Nay,Nay,Nay,Nay,1800-01-29,0,,unknown,,,,,unknown
Nay,Yea,Nay,Yea,Yea,Yea,Nay,Yea,Nay,Yea,Nay,Yea,Nay,Nay,Nay,Nay,Yea,Nay,Nay,Yea,Nay,Nay,Nay,Yea,Yea,Yea,Nay,Nay,Nay,Yea,Yea,Yea,Nay,Yea,Nay,Yea,Yea,Yea,Nay,Yea,Nay,Nay,Nay,Yea,Yea,Yea,Yea,Yea,Nay,Not Voting,Nay,Yea,Yea,Nay,Nay,Nay,Nay,Yea,Yea,Nay,,Nay,Nay,Nay,Nay,Nay,Yea,,Yea,Nay,Nay,Nay,Nay,Nay,Yea,Yea,Yea,Yea,Yea,Yea,Not Voting,,Yea,Not Voting,Not Voting,Yea,Yea,Yea,Nay,Not Voting,,Yea,Yea,Yea,,Nay,Nay,Nay,,,Yea,Nay,Yea,Nay,Nay,Nay,Yea,Not Voting,Yea,Nay,Yea,Nay,Nay,1800-01-29,0,,unknown,,,,,unknown
Nay,Yea,Nay,Yea,Yea,Yea,Nay,Yea,Yea,Nay,Nay,Yea,Nay,Yea,Nay,Nay,Yea,Yea,Yea,Yea,Yea,Nay,Nay,Yea,Nay,Yea,Yea,Nay,Nay,Yea,Yea,Yea,Nay,Yea,Nay,Yea,Yea,Yea,Yea,Yea,Nay,Nay,Yea,Yea,Not Voting,Yea,Not Voting,Yea,Nay,Not Voting,Nay,Yea,Yea,Nay,Nay,Yea,Yea,Yea,Yea,Nay,,Nay,Nay,Yea,Nay,Nay,Yea,,Yea,Nay,Nay,Nay,Nay,Yea,Yea,Yea,Yea,Yea,Yea,Yea,Nay,,Yea,Not Voting,Not Voting,Yea,Yea,Yea,Nay,Not Voting,,Nay,Nay,Nay,,Nay,Nay,Nay,,,Yea,Yea,Yea,Nay,Nay,Nay,Not Voting,Not Voting,Yea,Yea,Yea,Nay,Yea,1800-01-29,0,,unknown,,,,,unknown
Yea,Nay,Yea,Nay,Nay,Nay,Yea,Nay,Nay,Yea,Yea,Nay,Yea,Yea,Yea,Yea,Nay,Nay,Not Voting,Nay,Nay,Yea,Yea,Nay,Nay,Nay,Nay,Yea,Yea,Nay,Nay,Not Voting,Not Voting,Nay,Yea,Nay,Yea,Nay,Nay,Nay,Yea,Yea,Nay,Not Voting,Yea,Nay,Yea,Nay,Yea,Nay,Yea,Nay,Nay,Yea,Yea,Yea,Nay,Nay,Nay,Yea,,Nay,Nay,Nay,Yea,Yea,Nay,,Nay,Yea,Yea,Yea,Yea,Nay,Nay,Nay,Nay,Nay,Not Voting,Nay,Yea,,Nay,Nay,Not Voting,Nay,Nay,Nay,Yea,Not Voting,,Nay,Nay,Yea,,Yea,Yea,Yea,,,Nay,Nay,Nay,Not Voting,Yea,Yea,Yea,Not Voting,Nay,Nay,Nay,Yea,Nay,1800-01-31,0,,unknown,hr186,,,,unknown
Yea,Nay,Yea,Nay,Nay,Nay,Yea,Nay,Nay,Yea,Yea,Nay,Yea,Yea,Yea,Yea,Nay,Nay,Not Voting,Nay,Nay,Yea,Yea,Not Voting,Nay,Nay,Nay,Yea,Yea,Nay,Nay,Nay,Yea,Nay,Yea,Nay,Yea,Nay,Nay,Nay,Nay,Yea,Nay,Nay,Yea,Not Voting,Not Voting,Yea,Yea,Nay,Yea,Not Voting,Nay,Yea,Yea,Yea,Nay,Nay,Nay,Yea,,Nay,Yea,Nay,Yea,Yea,Nay,,Nay,Yea,Yea,Yea,Not Voting,Yea,Nay,Nay,Not Voting,Nay,Not Voting,Nay,Yea,,Nay,Nay,Not Voting,Nay,Nay,Nay,Yea,Not Voting,,Nay,Yea,Yea,,Yea,Yea,Yea,,,Nay,Nay,Yea,Not Voting,Yea,Yea,Not Voting,Yea,Nay,Nay,Nay,Yea,Nay,1800-02-12,0,,unknown,hr200,,,,unknown
Nay,Nay,Nay,Yea,Not Voting,Nay,Nay,Yea,Yea,Nay,Nay,Yea,Nay,Nay,Nay,Nay,Yea,Yea,Yea,Yea,Yea,Nay,Nay,Not Voting,Nay,Nay,Yea,Nay,Nay,Yea,Yea,Yea,Nay,Yea,Nay,Yea,Nay,Yea,Yea,Not Voting,Yea,Nay,Yea,Nay,Nay,Yea,Nay,Yea,Nay,Nay,Nay,Not Voting,Yea,Not Voting,Nay,Nay,Yea,Nay,Yea,Nay,,Nay,Nay,Yea,Nay,Nay,Nay,,Nay,Nay,Nay,Nay,Not Voting,Nay,Yea,Yea,Not Voting,Yea,Not Voting,Yea,Nay,,Yea,Yea,Not Voting,Yea,Not Voting,Yea,Nay,Not Voting,,Nay,Nay,Nay,,Nay,Nay,Nay,,,Yea,Nay,Yea,Nay,Nay,Nay,Nay,Nay,Yea,Yea,Yea,Nay,Yea,1800-02-19,0,,unknown,hr201,,,,unknown
Nay,Yea,Nay,Yea,Not Voting,Yea,Nay,Yea,Yea,Nay,Nay,Yea,Nay,Nay,Nay,Nay,Yea,Yea,Yea,Yea,Yea,Nay,Nay,Not Voting,Nay,Nay,Yea,Nay,Nay,Yea,Yea,Yea,Nay,Yea,Nay,Yea,Nay,Yea,Yea,Yea,Yea,Nay,Yea,Nay,Nay,Yea,Yea,Yea,Nay,Yea,Nay,Not Voting,Yea,Not Voting,Nay,Nay,Yea,Yea,Yea,Nay,,Nay,Nay,Yea,Nay,Nay,Yea,,Yea,Nay,Nay,Nay,Not Voting,Yea,Yea,Yea,Not Voting,Yea,Not Voting,Yea,Nay,,Yea,Yea,Not Voting,Yea,Not Voting,Yea,Nay,Not Voting,,Nay,Yea,Nay,,Nay,Nay,Nay,,,Yea,Yea,Nay,Nay,Nay,Nay,Nay,Nay,Yea,Yea,Yea,Nay,Yea,1800-02-19,0,,unknown,hr201,,,,unknown
Yea,Yea,Nay,Yea,Yea,Yea,Not Voting,Yea,Yea,Nay,Nay,Yea,Nay,Yea,Nay,Yea,Yea,Yea,Yea,Yea,Yea,Yea,Nay,Not Voting,Yea,Yea,Yea,Nay,Nay,Yea,Yea,Not Voting,Nay,Yea,Yea,Yea,Yea,Yea,Yea,Yea,Yea,Nay,Yea,Yea,Nay,Yea,Yea,Yea,Yea,Yea,Nay,Not Voting,Yea,Nay,Yea,Yea,Yea,Yea,Yea,Nay,,Yea,Nay,Yea,Nay,Nay,Yea,,Yea,Nay,Nay,Nay,Not Voting,Yea,Yea,Yea,Not Voting,Yea,Not Voting,Yea,Nay,,Yea,Yea,Not Voting,Yea,Not Voting,Yea,Yea,Not Voting,,Yea,Yea,Yea,,Nay,Nay,Yea,,,Yea,Yea,Yea,Yea,Nay,Nay,Nay,Nay,Yea,Yea,Yea,Nay,Yea,1800-02-20,0,,unknown,hr201,,,,unknown
Nay,Yea,Nay,Yea,Yea,Yea,Nay,Yea,Yea,Nay,Nay,Yea,Nay,Not Voting,Nay,Nay,Yea,Yea,Yea,Yea,Not Voting,Nay,Nay,Not Voting,Yea,Yea,Yea,Nay,Nay,Yea,Yea,Nay,Nay,Not Voting,Nay,Yea,Nay,Yea,Yea,Yea,Nay,Nay,Yea,Nay,Nay,Yea,Yea,Yea,Nay,Nay,Nay,Not Voting,Yea,Nay,Nay,Nay,Yea,Yea,Yea,Nay,,Nay,Yea,Nay,Nay,Nay,Yea,,Yea,Nay,Nay,Nay,Not Voting,Yea,Yea,Nay,Not Voting,Yea,Not Voting,Yea,Nay,,Yea,Yea,Yea,Yea,Yea,Yea,Nay,Not Voting,,Yea,Nay,Nay,,Nay,Nay,Nay,,,Yea,Yea,Yea,Nay,Nay,Nay,Nay,Nay,Yea,Yea,Yea,Nay,Yea,1800-02-21,0,,unknown,hr186,,,,unknown
Nay,Nay,Yea,Nay,Nay,Nay,Nay,Nay,Nay,Nay,Nay,Nay,Nay,Not Voting,Nay,Yea,Nay,Yea,Nay,Nay,Not Voting,Yea,Nay,Not Voting,Yea,Yea,Nay,Nay,Nay,Nay,Nay,Nay,Nay,Yea,Nay,Nay,Yea,Nay,Nay,Nay,Nay,Nay,Nay,Yea,Nay,Nay,Not Voting,Nay,Not Voting,Nay,Nay,Not Voting,Not Voting,Not Voting,Nay,Yea,Not Voting,Nay,Nay,Nay,,Yea,Nay,Nay,Nay,Yea,Nay,,Not Voting,Nay,Nay,Nay,Nay,Nay,Nay,Nay,Not Voting,Yea,Not Voting,Nay,Nay,,Nay,Nay,Not Voting,Nay,Nay,Nay,Nay,Not Voting,,Yea,Nay,Nay,,Nay,Nay,Nay,,,Nay,Nay,Nay,Not Voting,Nay,Nay,Not Voting,Nay,Nay,Nay,Nay,Nay,Nay,1800-02-26,0,,unknown,,,,,unknown
Nay,Nay,Nay,Yea,Yea,Yea,Nay,Nay,Yea,Nay,Yea,Yea,Nay,Not Voting,Nay,Nay,Yea,Nay,Nay,Yea,Not Voting,Nay,Nay,Yea,Nay,Nay,Nay,Nay,Nay,Yea,Nay,Nay,Nay,Nay,Nay,Nay,Nay,Yea,Yea,Yea,Nay,Nay,Yea,Nay,Nay,Yea,Not Voting,Yea,Not Voting,Yea,Nay,Nay,Not Voting,Nay,Nay,Nay,Not Voting,Nay,Nay,Nay,,Nay,Nay,Yea,Nay,Not Voting,Yea,,Not Voting,Nay,Nay,Nay,Nay,Nay,Yea,Yea,Nay,Yea,Not Voting,Yea,Nay,,Yea,Yea,Not Voting,Yea,Yea,Yea,Nay,Nay,,Nay,Not Voting,Nay,,Nay,Nay,Nay,,,Yea,Yea,Nay,Nay,Nay,Nay,Nay,Nay,Yea,Nay,Yea,Nay,Nay,1800-02-27,0,,unknown,,,,,unknown
Yea,Nay,Yea,Nay,Nay,Nay,Yea,Nay,Nay,Yea,Yea,Nay,Yea,Not Voting,Yea,Yea,Nay,Nay,Nay,Nay,Not Voting,Yea,Yea,Nay,Yea,Nay,Nay,Yea,Yea,Nay,Nay,Nay,Yea,Nay,Yea,Nay,Yea,Nay,Nay,Nay,Nay,Yea,Nay,Nay,Yea,Nay,Not Voting,Nay,Not Voting,Nay,Yea,Nay,Not Voting,Yea,Yea,Yea,Not Voting,Yea,Nay,Yea,,Nay,Yea,Nay,Yea,Not Voting,Nay,,Not Voting,Yea,Yea,Yea,Yea,Nay,Nay,Nay,Nay,Nay,Not Voting,Nay,Yea,,Nay,Nay,Not Voting,Nay,Nay,Nay,Yea,Yea,,Yea,Not Voting,Yea,,Yea,Yea,Yea,,,Nay,Nay,Nay,Yea,Yea,Yea,Yea,Yea,Nay,Nay,Nay,Yea,Nay,1800-02-27,0,,unknown,,,,,unknown
Yea,Nay,Yea,Nay,Nay,Nay,Yea,Nay,Nay,Yea,Yea,Nay,Yea,Not Voting,Yea,Yea,Nay,Nay,Nay,Nay,Nay,Yea,Yea,Nay,Nay,Nay,Nay,Yea,Not Voting,Nay,Nay,Nay,Yea,Nay,Yea,Nay,Yea,Nay,Nay,Nay,Yea,Yea,Nay,Nay,Yea,Nay,Not Voting,Yea,Yea,Not Voting,Yea,Nay,Nay,Yea,Yea,Yea,Nay,Nay,Nay,Yea,,Nay,Yea,Nay,Yea,Yea,Nay,,Not Voting,Yea,Yea,Yea,Yea,Nay,Nay,Nay,Nay,Nay,Nay,Nay,Yea,,Nay,Nay,Not Voting,Nay,Nay,Nay,Yea,Yea,,Yea,Yea,Yea,,Yea,Yea,Yea,,,Nay,Nay,Nay,Yea,Yea,Yea,Yea,Yea,Nay,Nay,Nay,Yea,Nay,1800-03-04,0,,unknown,,,,,unknown
Yea,Nay,Yea,Nay,Nay,Not Voting,Yea,Nay,Nay,Yea,Yea,Nay,Yea,Not Voting,Yea,Yea,Nay,Nay,Not Voting,Nay,Nay,Yea,Yea,Nay,Nay,Nay,Nay,Yea,Not Voting,Nay,Nay,Nay,Yea,Nay,Yea,Nay,Yea,Nay,Nay,Nay,Yea,Yea,Not Voting,Not Voting,Yea,Not Voting,Not Voting,Yea,Yea,Nay,Yea,Not Voting,Not Voting,Yea,Yea,Yea,Not Voting,Nay,Nay,Yea,,Nay,Yea,Not Voting,Yea,Yea,Nay,,Not Voting,Yea,Yea,Yea,Yea,Nay,Nay,Nay,Nay,Nay,Nay,Nay,Yea,,Nay,Nay,Nay,Nay,Nay,Nay,Yea,Yea,,Yea,Yea,Yea,,Yea,Yea,Yea,,,Nay,Nay,Nay,Yea,Yea,Yea,Yea,Yea,Nay,Nay,Nay,Yea,Nay,1800-03-05,0,,unknown,,,,,unknown
Yea,Yea,Nay,Yea,Yea,Yea,Yea,Nay,Yea,Yea,Nay,Yea,Nay,Not Voting,Yea,Yea,Yea,Nay,Yea,Yea,Yea,Yea,Yea,Nay,Nay,Yea,Yea,Nay,Not Voting,Nay,Yea,Yea,Not Voting,Yea,Yea,Yea,Nay,Yea,Yea,Nay,Nay,Nay,Yea,Nay,Nay,Yea,Not Voting,Nay,Yea,Nay,Yea,Not Voting,Yea,Yea,Nay,Nay,Yea,Yea,Yea,Yea,,Nay,Yea,Yea,Nay,Yea,Yea,,Not Voting,Yea,Yea,Yea,Yea,Nay,Nay,Nay,Nay,Nay,Yea,Nay,Yea,,Nay,Nay,Not Voting,Yea,Not Voting,Nay,Yea,Yea,,Nay,Nay,Nay,,Yea,Yea,Yea,,,Yea,Not Voting,Nay,Nay,Yea,Yea,Yea,Yea,Yea,Nay,Nay,Yea,Nay,1800-03-06,0,,unknown,,,,,unknown
Yea,Yea,Nay,Yea,Yea,Yea,Nay,Not Voting,Yea,Nay,Nay,Not Voting,Nay,Not Voting,Nay,Nay,Yea,Yea,Not Voting,Yea,Yea,Yea,Not Voting,Yea,Yea,Yea,Yea,Nay,Nay,Yea,Yea,Yea,Nay,Yea,Nay,Yea,Yea,Yea,Yea,Yea,Yea,Nay,Yea,Yea,Nay,Yea,Not Voting,Yea,Nay,Yea,Nay,Not Voting,Yea,Nay,Yea,Nay,Yea,Yea,Yea,Nay,,Yea,Nay,Yea,Nay,Nay,Yea,,Not Voting,Nay,Nay,Nay,Nay,Yea,Yea,Yea,Yea,Yea,Yea,Yea,Nay,,Yea,Yea,Not Voting,Yea,Yea,Yea,Nay,Nay,,Nay,Yea,Not Voting,,Yea,Nay,Yea,,,Yea,Yea,Yea,Nay,Nay,Nay,Nay,Yea,Yea,Yea,Yea,Nay,Yea,1800-03-08,0,,unknown,,,,,unknown
Nay,Yea,Not Voting,Yea,Yea,Yea,Nay,Yea,Yea,Nay,Nay,Yea,Nay,Yea,Nay,Nay,Not Voting,Yea,Yea,Yea,Yea,Nay,Nay,Yea,Yea,Yea,Yea,Nay,Nay,Yea,Yea,Yea,Nay,Yea,Nay,Yea,Yea,Yea,Yea,Yea,Yea,Yea,Yea,Yea,Yea,Yea,Not Voting,Yea,Nay,Yea,Not Voting,Yea,Yea,Nay,Nay,Yea,Yea,Yea,Yea,Nay,,Yea,Nay,Yea,Nay,Nay,Not Voting,,Not Voting,Nay,Nay,Nay,Nay,Yea,Yea,Not Voting,Yea,Yea,Yea,Yea,Nay,,Yea,Yea,Not Voting,Yea,Yea,Yea,Nay,Nay,,Yea,Yea,Nay,,Nay,Nay,Nay,,,Yea,Yea,Not Voting,Yea,Nay,Nay,Nay,Yea,Yea,Yea,Yea,Nay,Yea,1800-03-10,0,,unknown,,,,,unknown
Nay,Not Voting,Nay,Yea,Not Voting,Not Voting,Not Voting,Yea,Yea,Nay,Nay,Yea,Nay,Nay,Nay,Nay,Not Voting,Yea,Yea,Yea,Yea,Nay,Nay,Yea,Nay,Yea,Yea,Nay,Nay,Yea,Yea,Yea,Nay,Yea,Nay,Yea,Nay,Yea,Yea,Yea,Yea,Nay,Yea,Yea,Nay,Not Voting,Not Voting,Yea,Nay,Nay,Not Voting,Yea,Yea,Nay,Nay,Nay,Yea,Nay,Yea,Nay,,Nay,Not Voting,Yea,Nay,Nay,Yea,,Not Voting,Nay,Nay,Nay,Nay,Nay,Yea,Not Voting,Nay,Yea,Yea,Yea,Nay,,Yea,Yea,Not Voting,Yea,Yea,Yea,Nay,Nay,,Not Voting,Yea,Nay,,Nay,Nay,Yea,,,Yea,Yea,Yea,Nay,Nay,Nay,Not Voting,Yea,Yea,Yea,Yea,Nay,Not Voting,1800-03-12,0,,unknown,hr208,,,,unknown
Yea,Nay,Yea,Nay,Not Voting,Yea,Yea,Nay,Nay,Yea,Yea,Nay,Yea,Yea,Yea,Yea,Not Voting,Nay,Nay,Not Voting,Nay,Yea,Yea,Yea,Yea,Yea,Nay,Yea,Yea,Nay,Nay,Nay,Yea,Nay,Yea,Nay,Yea,Nay,Nay,Nay,Yea,Yea,Nay,Not Voting,Yea,Nay,Yea,Nay,Yea,Yea,Yea,Yea,Nay,Yea,Yea,Yea,Not Voting,Nay,Nay,Yea,,Yea,Not Voting,Nay,Yea,Yea,Nay,,Not Voting,Yea,Not Voting,Yea,Yea,Yea,Nay,Not Voting,Yea,Nay,Nay,Not Voting,Yea,,Nay,Not Voting,Not Voting,Nay,Not Voting,Nay,Yea,Yea,,Yea,Not Voting,Yea,,Yea,Yea,Yea,,,Nay,Nay,Nay,Yea,Yea,Yea,Yea,Yea,Nay,Nay,Nay,Yea,Not Voting,1800-03-18,0,,unknown,hr218,,,,unknown
Yea,Yea,Nay,Yea,Not Voting,Yea,Nay,Yea,Yea,Nay,Nay,Yea,Nay,Nay,Nay,Nay,Yea,Yea,Not Voting,Not Voting,Yea,Not Voting,Nay,Yea,Yea,Yea,Yea,Nay,Nay,Yea,Yea,Yea,Nay,Yea,Nay,Yea,Yea,Yea,Yea,Yea,Not Voting,Nay,Yea,Yea,Nay,Yea,Nay,Yea,Nay,Yea,Nay,Yea,Yea,Nay,Nay,Yea,Yea,Yea,Yea,Nay,,Yea,Not Voting,Yea,Nay,Nay,Not Voting,,Not Voting,Nay,Nay,Nay,Nay,Not Voting,Yea,Not Voting,Yea,Not Voting,Yea,Yea,Nay,,Yea,Not Voting,Not Voting,Yea,Yea,Not Voting,Nay,Nay,,Yea,Yea,Nay,,Nay,Nay,Nay,,,Nay,Not Voting,Yea,Nay,Nay,Nay,Nay,Yea,Yea,Yea,Yea,Nay,Yea,1800-03-18,0,,unknown,hr210,,,,unknown
Yea,Yea,Not Voting,Yea,Not Voting,Yea,Yea,Yea,Yea,Yea,Yea,Yea,Not Voting,Yea,Not Voting,Yea,Yea,Not Voting,Yea,Not Voting,Yea,Yea,Yea,Yea,Yea,Yea,Yea,Yea,Yea,Yea,Yea,Yea,Yea,Yea,Yea,Yea,Yea,Yea,Yea,Yea,Yea,Not Voting,Yea,Not Voting,Yea,Yea,Yea,Yea,Not Voting,Yea,Yea,Yea,Yea,Nay,Yea,Yea,Yea,Yea,Yea,Yea,,Yea,Not Voting,Yea,Nay,Yea,Yea,,Not Voting,Yea,Yea,Yea,Yea,Yea,Yea,Not Voting,Yea,Yea,Yea,Yea,Nay,,Yea,Yea,Not Voting,Yea,Yea,Yea,Yea,Yea,,Yea,Not Voting,Yea,,Yea,Nay,Yea,,,Yea,Yea,Not Voting,Yea,Yea,Yea,Yea,Yea,Yea,Yea,Yea,Yea,Yea,1800-03-24,0,,unknown,,,,,unknown
Nay,Yea,Not Voting,Yea,Not Voting,Nay,Yea,Yea,Yea,Nay,Nay,Yea,Not Voting,Not Voting,Nay,Nay,Yea,Not Voting,Not Voting,Not Voting,Yea,Nay,Nay,Nay,Nay,Yea,Yea,Nay,Nay,Yea,Yea,Yea,Not Voting,Yea,Nay,Yea,Nay,Yea,Yea,Yea,Nay,Nay,Not Voting,Not Voting,Yea,Nay,Not Voting,Nay,Nay,Nay,Nay,Nay,Yea,Yea,Not Voting,Nay,Not Voting,Yea,Yea,Nay,,Nay,Not Voting,Yea,Nay,Nay,Not Voting,,Not Voting,Nay,Nay,Nay,Yea,Nay,Yea,Not Voting,Yea,Yea,Yea,Not Voting,Nay,,Yea,Yea,Yea,Yea,Yea,Yea,Nay,Nay,,Yea,Not Voting,Nay,,Nay,Nay,Yea,,,Yea,Not Voting,Not Voting,Nay,Nay,Nay,Not Voting,Yea,Yea,Yea,Yea,Nay,Not Voting,1800-03-24,0,,unknown,hr222,,,,unknown
Yea,Nay,Not Voting,Nay,Not Voting,Nay,Yea,Nay,Nay,Yea,Yea,Nay,Yea,Yea,Yea,Yea,Nay,Not Voting,Nay,Not Voting,Nay,Yea,Yea,Nay,Yea,Nay,Nay,Yea,Yea,Nay,Nay,Nay,Yea,Nay,Yea,Nay,Yea,Nay,Nay,Nay,Yea,Yea,Nay,Nay,Yea,Nay,Not Voting,Nay,Yea,Nay,Yea,Nay,Nay,Yea,Yea,Yea,Nay,Nay,Nay,Yea,,Not Voting,Not Voting,Nay,Yea,Yea,Nay,,Nay,Yea,Yea,Yea,Not Voting,Nay,Nay,Not Voting,Nay,Nay,Not Voting,Nay,Yea,,Nay,Nay,Not Voting,Nay,Nay,Nay,Yea,Yea,,Yea,Nay,Yea,,Yea,Yea,Yea,,,Nay,Not Voting,Nay,Yea,Yea,Yea,Yea,Yea,Nay,Nay,Nay,Yea,Nay,1800-03-25,0,,unknown,hr215,,,,unknown
Yea,Nay,Not Voting,Nay,Nay,Nay,Yea,Nay,Nay,Yea,Yea,Nay,Yea,Yea,Yea,Yea,Nay,Not Voting,Nay,Nay,Nay,Yea,Yea,Nay,Yea,Nay,Nay,Yea,Yea,Nay,Nay,Nay,Yea,Nay,Yea,Nay,Yea,Nay,Nay,Nay,Yea,Yea,Nay,Nay,Yea,Nay,Yea,Nay,Yea,Nay,Yea,Nay,Nay,Yea,Yea,Yea,Nay,Nay,Nay,Yea,,Not Voting,Yea,Nay,Yea,Yea,Nay,,Nay,Yea,Yea,Yea,Yea,Nay,Nay,Not Voting,Nay,Nay,Nay,Nay,Yea,,Nay,Nay,Not Voting,Nay,Nay,Nay,Yea,Yea,,Yea,Not Voting,Yea,,Yea,Yea,Yea,,,Nay,Not Voting,Nay,Yea,Yea,Yea,Not Voting,Yea,Nay,Nay,Nay,Yea,Nay,1800-03-28,0,,unknown,hr215,,,,unknown
Nay,Nay,Yea,Nay,Not Voting,Yea,Not Voting,Nay,Nay,Not Voting,Yea,Nay,Yea,Nay,Yea,Nay,Yea,Not Voting,Nay,Nay,Nay,Not Voting,Yea,Nay,Yea,Nay,Nay,Yea,Yea,Nay,Nay,Nay,Not Voting,Not Voting,Nay,Yea,Yea,Nay,Nay,Nay,Yea,Nay,Nay,Nay,Nay,Nay,Nay,Not Voting,Not Voting,Nay,Yea,Yea,Not Voting,Yea,Nay,Yea,Nay,Nay,Nay,Nay,,Nay,Not Voting,Nay,Not Voting,Yea,Nay,,Nay,Nay,Yea,Nay,Yea,Nay,Not Voting,Nay,Nay,Nay,Yea,Nay,Yea,,Nay,Not Voting,Not Voting,Nay,Nay,Nay,Nay,Yea,,Yea,Not Voting,Yea,,Yea,Not Voting,Nay,,,Nay,Nay,Not Voting,Yea,Yea,Yea,Not Voting,Nay,Nay,Nay,Nay,Yea,Nay,1800-04-04,0,,unknown,hr225,,,,unknown
Yea,Nay,Yea,Nay,Not Voting,Not Voting,Nay,Nay,Nay,Not Voting,Yea,Nay,Yea,Yea,Yea,Nay,Nay,Not Voting,Nay,Nay,Nay,Not Voting,Yea,Nay,Yea,Yea,Nay,Yea,Yea,Nay,Nay,Nay,Yea,Nay,Yea,Nay,Not Voting,Nay,Nay,Nay,Yea,Yea,Nay,Yea,Yea,Nay,Nay,Not Voting,Yea,Yea,Yea,Nay,Not Voting,Yea,Yea,Nay,Nay,Nay,Nay,Yea,,Nay,Not Voting,Nay,Yea,Yea,Nay,,Nay,Yea,Yea,Nay,Yea,Nay,Not Voting,Nay,Nay,Nay,Nay,Nay,Yea,,Nay,Not Voting,Not Voting,Nay,Nay,Nay,Yea,Nay,,Not Voting,Not Voting,Yea,,Yea,Yea,Nay,,,Yea,Nay,Not Voting,Not Voting,Yea,Yea,Not Voting,Nay,Nay,Nay,Nay,Yea,Nay,1800-04-07,0,,unknown,hr193,,,,unknown
Nay,Yea,Nay,Yea,Not Voting,Nay,Nay,Yea,Yea,Yea,Nay,Yea,Nay,Yea,Nay,Nay,Nay,Not Voting,Yea,Yea,Yea,Nay,Nay,Yea,Nay,Yea,Yea,Nay,Nay,Yea,Yea,Yea,Nay,Yea,Yea,Nay,Not Voting,Yea,Yea,Yea,Nay,Yea,Yea,Yea,Yea,Yea,Not Voting,Yea,Not Voting,Nay,Nay,Yea,Yea,Nay,Not Voting,Nay,Yea,Yea,Yea,Not Voting,,Nay,Not Voting,Yea,Not Voting,Nay,Yea,,Yea,Yea,Nay,Nay,Nay,Yea,Not Voting,Yea,Yea,Yea,Nay,Yea,Nay,,Yea,Not Voting,Not Voting,Yea,Yea,Yea,Yea,Nay,,Nay,Not Voting,Nay,,Nay,Nay,Not Voting,,,Yea,Yea,Yea,Nay,Nay,Nay,Not Voting,Yea,Yea,Yea,Yea,Nay,Yea,1800-04-10,0,,unknown,hr225,,,,unknown
Yea,Nay,Yea,Nay,Nay,Not Voting,Yea,Nay,Nay,Yea,Yea,Nay,Yea,Yea,Yea,Not Voting,Nay,Not Voting,Nay,Nay,Yea,Yea,Yea,Nay,Yea,Nay,Nay,Yea,Yea,Nay,Nay,Yea,Yea,Yea,Yea,Nay,Not Voting,Nay,Nay,Not Voting,Yea,Yea,Nay,Nay,Not Voting,Nay,Yea,Nay,Not Voting,Nay,Yea,Nay,Nay,Yea,Yea,Yea,Not Voting,Nay,Nay,Yea,,Yea,Not Voting,Nay,Yea,Yea,Nay,,Nay,Yea,Yea,Yea,Yea,Nay,Not Voting,Nay,Nay,Nay,Nay,Nay,Yea,,Nay,Nay,Not Voting,Nay,Nay,Yea,Yea,Yea,,Yea,Yea,Yea,,Yea,Yea,Yea,,,Nay,Nay,Nay,Yea,Yea,Yea,Not Voting,Yea,Nay,Nay,Nay,Yea,Nay,1800-04-14,0,,unknown,hr215,,,,unknown
Nay,Yea,Yea,Yea,Yea,Not Voting,Nay,Yea,Yea,Nay,Nay,Yea,Nay,Nay,Nay,Not Voting,Yea,Not Voting,Yea,Yea,Yea,Nay,Nay,Yea,Yea,Nay,Yea,Nay,Nay,Yea,Yea,Yea,Nay,Yea,Nay,Yea,Not Voting,Yea,Yea,Yea,Yea,Nay,Yea,Yea,Not Voting,Yea,Nay,Nay,Not Voting,Yea,Nay,Yea,Yea,Nay,Nay,Yea,Not Voting,Not Voting,Yea,Not Voting,,Yea,Not Voting,Yea,Nay,Nay,Not Voting,,Yea,Nay,Nay,Nay,Nay,Yea,Not Voting,Yea,Yea,Yea,Yea,Yea,Nay,,Yea,Yea,Not Voting,Yea,Yea,Yea,Nay,Yea,,Not Voting,Yea,Nay,,Nay,Nay,Nay,,,Yea,Yea,Yea,Nay,Nay,Nay,Yea,Nay,Yea,Yea,Yea,Nay,Nay,1800-04-14,0,,unknown,,,,,unknown
Yea,Nay,Yea,Nay,Nay,Nay,Yea,Nay,Nay,Yea,Yea,Nay,Yea,Yea,Yea,Yea,Nay,Not Voting,Nay,Nay,Nay,Yea,Yea,Nay,Yea,Nay,Nay,Yea,Yea,Nay,Nay,Nay,Yea,Nay,Yea,Nay,Not Voting,Nay,Nay,Nay,Yea,Yea,Nay,Nay,Yea,Nay,Yea,Yea,Yea,Nay,Yea,Nay,Nay,Yea,Yea,Yea,Not Voting,Nay,Nay,Yea,,Nay,Not Voting,Nay,Yea,Yea,Nay,,Nay,Yea,Yea,Yea,Yea,Nay,Not Voting,Nay,Nay,Nay,Nay,Nay,Yea,,Nay,Nay,Not Voting,Nay,Nay,Nay,Yea,Yea,,Yea,Yea,Yea,,Yea,Yea,Yea,,,Nay,Nay,Nay,Yea,Yea,Yea,Yea,Yea,Nay,Nay,Nay,Yea,Nay,1800-04-18,0,,unknown,s58,,,,unknown
Yea,Nay,Nay,Nay,Nay,Nay,Yea,Nay,Nay,Yea,Yea,Nay,Not Voting,Yea,Yea,Yea,Nay,Not Voting,Nay,Nay,Nay,Not Voting,Yea,Nay,Nay,Yea,Nay,Yea,Yea,Nay,Nay,Nay,Yea,Not Voting,Yea,Nay,Not Voting,Nay,Nay,Nay,Yea,Yea,Nay,Not Voting,Yea,Nay,Yea,Yea,Yea,Nay,Yea,Nay,Nay,Yea,Yea,Nay,Not Voting,Nay,Nay,Yea,,Yea,Not Voting,Nay,Yea,Yea,Nay,,Nay,Yea,Yea,Yea,Yea,Yea,Not Voting,Nay,Nay,Nay,Nay,Nay,Yea,,Nay,Nay,Not Voting,Nay,Not Voting,Nay,Yea,Yea,,Nay,Not Voting,Yea,,Yea,Yea,Yea,,,Nay,Nay,Nay,Yea,Yea,Yea,Nay,Yea,Nay,Nay,Nay,Yea,Yea,1800-04-18,0,,unknown,,,,,unknown
Yea,Nay,Yea,Nay,Nay,Not Voting,Yea,Nay,Nay,Yea,Yea,Nay,Not Voting,Yea,Yea,Yea,Nay,Not Voting,Nay,Nay,Nay,Yea,Yea,Nay,Nay,Nay,Nay,Yea,Yea,Nay,Nay,Nay,Yea,Nay,Yea,Nay,Not Voting,Nay,Nay,Not Voting,Not Voting,Yea,Nay,Yea,Yea,Nay,Not Voting,Not Voting,Yea,Not Voting,Yea,Nay,Nay,Yea,Yea,Not Voting,Not Voting,Nay,Nay,Yea,,Yea,Not Voting,Nay,Yea,Yea,Not Voting,,Nay,Yea,Yea,Yea,Yea,Yea,Not Voting,Nay,Nay,Nay,Nay,Nay,Yea,,Nay,Nay,Not Voting,Nay,Nay,Nay,Yea,Yea,,Yea,Yea,Yea,,Yea,Yea,Yea,,,Nay,Nay,Nay,Yea,Yea,Yea,Not Voting,Yea,Not Voting,Nay,Nay,Yea,Nay,1800-04-21,0,,unknown,hr253,,,,unknown
Nay,Yea,Nay,Yea,Yea,Not Voting,Nay,Yea,Yea,Nay,Nay,Yea,Not Voting,Nay,Nay,Nay,Yea,Not Voting,Yea,Yea,Yea,Nay,Nay,Nay,Nay,Nay,Yea,Nay,Nay,Yea,Yea,Yea,Nay,Yea,Nay,Yea,Not Voting,Yea,Yea,Not Voting,Nay,Nay,Yea,Not Voting,Nay,Yea,Nay,Not Voting,Nay,Nay,Nay,Nay,Yea,Nay,Nay,Nay,Not Voting,Yea,Yea,Nay,,Nay,Not Voting,Yea,Nay,Nay,Yea,,Yea,Nay,Nay,Nay,Nay,Nay,Not Voting,Yea,Nay,Yea,Yea,Yea,Nay,,Yea,Yea,Not Voting,Yea,Yea,Yea,Nay,Nay,,Not Voting,Not Voting,Nay,,Nay,Not Voting,Nay,,,Yea,Yea,Yea,Nay,Nay,Nay,Not Voting,Nay,Yea,Yea,Yea,Nay,Yea,1800-04-24,0,,unknown,hr218,,,,unknown
Yea,Nay,Not Voting,Nay,Nay,Not Voting,Yea,Not Voting,Nay,Yea,Yea,Not Voting,Not Voting,Not Voting,Not Voting,Yea,Not Voting,Not Voting,Nay,Nay,Nay,Not Voting,Not Voting,Yea,Yea,Yea,Nay,Yea,Yea,Nay,Nay,Nay,Yea,Nay,Yea,Nay,Not Voting,Nay,Nay,Not Voting,Yea,Yea,Nay,Yea,Yea,Nay,Not Voting,Not Voting,Yea,Yea,Yea,Yea,Nay,Yea,Yea,Yea,Not Voting,Nay,Nay,Yea,,Yea,Not Voting,Nay,Yea,Yea,Nay,,Nay,Yea,Yea,Yea,Not Voting,Yea,Not Voting,Yea,Yea,Nay,Not Voting,Nay,Yea,,Nay,Nay,Not Voting,Not Voting,Nay,Nay,Yea,Yea,,Not Voting,Not Voting,Yea,,Yea,Yea,Yea,,,Nay,Yea,Yea,Yea,Yea,Yea,Not Voting,Not Voting,Nay,Nay,Nay,Yea,Nay,1800-04-25,0,,unknown,hr218,,,,unknown
Yea,Yea,Yea,Yea,Yea,Not Voting,Yea,Yea,Yea,Yea,Yea,Nay,Not Voting,Yea,Yea,Yea,Yea,Not Voting,Nay,Nay,Yea,Yea,Not Voting,Nay,Yea,Yea,Nay,Yea,Yea,Nay,Nay,Yea,Yea,Yea,Yea,Yea,Not Voting,Yea,Yea,Not Voting,Yea,Yea,Yea,Yea,Yea,Yea,Yea,Not Voting,Yea,Nay,Yea,Nay,Nay,Not Voting,Yea,Yea,Not Voting,Nay,Not Voting,Not Voting,,Yea,Not Voting,Yea,Yea,Yea,Nay,,Nay,Yea,Yea,Yea,Not Voting,Yea,Not Voting,Nay,Nay,Nay,Nay,Nay,Yea,,Yea,Nay,Not Voting,Not Voting,Yea,Yea,Yea,Yea,,Yea,Not Voting,Yea,,Yea,Yea,Yea,,,Nay,Nay,Yea,Yea,Not Voting,Yea,Not Voting,Yea,Nay,Nay,Yea,Yea,Yea,1800-04-28,0,,unknown,hr221,,,,unknown
Yea,Nay,Yea,Nay,Nay,Not Voting,Yea,Nay,Nay,Yea,Yea,Nay,Yea,Yea,Yea,Yea,Nay,Not Voting,Nay,Nay,Not Voting,Yea,Yea,Nay,Nay,Nay,Nay,Yea,Yea,Nay,Nay,Nay,Yea,Nay,Yea,Nay,Not Voting,Nay,Nay,Not Voting,Yea,Yea,Nay,Not Voting,Yea,Nay,Not Voting,Not Voting,Not Voting,Nay,Yea,Nay,Not Voting,Yea,Yea,Yea,Not Voting,Nay,Nay,Yea,,Yea,Not Voting,Nay,Yea,Yea,Nay,,Nay,Yea,Yea,Yea,Yea,Nay,Not Voting,Nay,Nay,Nay,Nay,Nay,Yea,,Nay,Nay,Not Voting,Nay,Nay,Nay,Yea,Yea,,Not Voting,Not Voting,Yea,,Yea,Yea,Not Voting,,,Nay,Nay,Nay,Yea,Yea,Yea,Not Voting,Yea,Nay,Nay,Nay,Yea,Nay,1800-05-01,0,,unknown,s58,,,,unknown
Yea,Nay,Yea,Nay,Nay,Not Voting,Yea,Nay,Nay,Yea,Yea,Nay,Yea,Yea,Yea,Yea,Nay,Not Voting,Nay,Nay,Not Voting,Yea,Yea,Nay,Yea,Nay,Nay,Yea,Yea,Nay,Nay,Nay,Yea,Nay,Yea,Nay,Not Voting,Nay,Nay,Not Voting,Yea,Yea,Nay,Not Voting,Yea,Nay,Not Voting,Not Voting,Yea,Nay,Yea,Nay,Not Voting,Yea,Yea,Yea,Not Voting,Nay,Nay,Yea,,Yea,Not Voting,Nay,Yea,Yea,Nay,,Nay,Yea,Yea,Yea,Yea,Nay,Not Voting,Nay,Nay,Nay,Nay,Nay,Yea,,Nay,Nay,Not Voting,Nay,Nay,Nay,Yea,Yea,,Not Voting,Not Voting,Yea,,Yea,Yea,Not Voting,,,Nay,Nay,Nay,Yea,Yea,Yea,Not Voting,Yea,Nay,Nay,Nay,Yea,Nay,1800-05-01,0,,unknown,s58,,,,unknown
Nay,Yea,Nay,Yea,Yea,Not Voting,Nay,Yea,Yea,Nay,Nay,Yea,Nay,Nay,Nay,Nay,Not Voting,Not Voting,Yea,Yea,Yea,Yea,Nay,Yea,Yea,Yea,Yea,Nay,Nay,Yea,Yea,Yea,Not Voting,Yea,Nay,Yea,Not Voting,Yea,Yea,Not Voting,Nay,Nay,Yea,Yea,Nay,Yea,Nay,Not Voting,Nay,Yea,Nay,Yea,Yea,Nay,Nay,Nay,Not Voting,Yea,Yea,Nay,,Nay,Not Voting,Yea,Not Voting,Nay,Yea,,Yea,Nay,Nay,Nay,Not Voting,Yea,Not Voting,Yea,Yea,Yea,Yea,Yea,Nay,,Yea,Yea,Not Voting,Yea,Yea,Yea,Nay,Nay,,Yea,Not Voting,Nay,,Nay,Not Voting,Not Voting,,,Yea,Yea,Yea,Nay,Nay,Nay,Not Voting,Yea,Yea,Yea,Yea,Nay,Yea,1800-05-01,0,,unknown,s58,,,,unknown
Yea,Yea,Yea,Yea,Yea,Not Voting,Yea,Yea,Nay,Yea,Yea,Not Voting,Not Voting,Yea,Yea,Yea,Yea,Not Voting,Yea,Yea,Yea,Not Voting,Not Voting,Yea,Nay,Nay,Yea,Yea,Not Voting,Yea,Yea,Yea,Not Voting,Not Voting,Yea,Yea,Not Voting,Yea,Yea,Not Voting,Yea,Yea,Yea,Yea,Yea,Yea,Yea,Not Voting,Yea,Yea,Yea,Nay,Yea,Not Voting,Not Voting,Yea,Not Voting,Not Voting,Yea,Yea,,Not Voting,Not Voting,Yea,Not Voting,Yea,Not Voting,,Yea,Yea,Not Voting,Yea,Not Voting,Yea,Not Voting,Yea,Not Voting,Yea,Yea,Yea,Not Voting,,Yea,Nay,Not Voting,Yea,Not Voting,Yea,Yea,Yea,,Yea,Not Voting,Not Voting,,Yea,Yea,Not Voting,,,Yea,Yea,Not Voting,Yea,Yea,Yea,Not Voting,Yea,Yea,Yea,Not Voting,Yea,Not Voting,1800-05-03,0,,unknown,hr247,,,,unknown
Yea,Not Voting,Yea,Yea,Yea,Not Voting,Nay,Yea,Yea,Not Voting,Nay,Yea,Nay,Yea,Nay,Nay,Yea,Not Voting,Yea,Yea,Yea,Yea,Nay,Yea,Yea,Nay,Not Voting,Nay,Nay,Yea,Yea,Yea,Not Voting,Yea,Nay,Yea,Not Voting,Yea,Yea,Not Voting,Yea,Nay,Yea,Yea,Nay,Yea,Not Voting,Not Voting,Nay,Not Voting,Nay,Yea,Yea,Nay,Nay,Yea,Yea,Not Voting,Not Voting,Nay,,Nay,Not Voting,Yea,Yea,Nay,Not Voting,,Yea,Not Voting,Nay,Nay,Not Voting,Yea,Not Voting,Yea,Yea,Yea,Yea,Yea,Nay,,Yea,Yea,Not Voting,Yea,Yea,Yea,Nay,Yea,,Yea,Not Voting,Nay,,Yea,Nay,Not Voting,,,Yea,Yea,Not Voting,Not Voting,Nay,Nay,Not Voting,Nay,Yea,Yea,Yea,Yea,Yea,1800-05-07,0,,unknown,,,,,unknown
Nay,Nay,Nay,Nay,Nay,Not Voting,Nay,Nay,Yea,Nay,Nay,Not Voting,Nay,Nay,Nay,Nay,Nay,Nay,Yea,Yea,Nay,Nay,Nay,Not Voting,Nay,Nay,Not Voting,Nay,Nay,Nay,Nay,Yea,Nay,Nay,Nay,Nay,Not Voting,Yea,Nay,Not Voting,Nay,Nay,Yea,Not Voting,Nay,Nay,Nay,Not Voting,Nay,Nay,Nay,Not Voting,Yea,Nay,Nay,Nay,Nay,Not Voting,Not Voting,Nay,,Nay,Nay,Yea,Nay,Nay,Not Voting,,Not Voting,Nay,Nay,Nay,Not Voting,Nay,Not Voting,Nay,Not Voting,Nay,Yea,Nay,Nay,,Nay,Nay,Not Voting,Nay,Yea,Yea,Nay,Nay,,Nay,Nay,Nay,,Nay,Nay,Not Voting,,,Yea,Nay,Nay,Nay,Nay,Nay,Nay,Nay,Nay,Yea,Yea,Nay,Yea,1800-05-09,0,,unknown,s58,,,,unknown
Yea,Not Voting,Nay,Yea,Yea,Not Voting,Not Voting,Yea,Yea,Nay,Not Voting,Not Voting,Yea,Yea,Nay,Nay,Not Voting,Yea,Yea,Yea,Nay,Yea,Yea,Not Voting,Yea,Yea,Not Voting,Not Voting,Not Voting,Yea,Yea,Not Voting,Not Voting,Not Voting,Yea,Yea,Not Voting,Yea,Yea,Not Voting,Yea,Not Voting,Yea,Not Voting,Yea,Yea,Not Voting,Not Voting,Not Voting,Not Voting,Yea,Yea,Yea,Nay,Yea,Nay,Yea,Yea,Yea,Nay,,Nay,Yea,Not Voting,Not Voting,Nay,Not Voting,,Yea,Yea,Nay,Nay,Not Voting,Yea,Not Voting,Yea,Not Voting,Not Voting,Yea,Yea,Nay,,Yea,Yea,Not Voting,Yea,Yea,Nay,Nay,Yea,,Yea,Yea,Not Voting,,Not Voting,Nay,Not Voting,,,Yea,Yea,Yea,Nay,Yea,Nay,Yea,Nay,Yea,Yea,Yea,Not Voting,Yea,1800-05-10,0,,unknown,hr268,,,,unknown
Yea,Nay,Yea,Nay,Nay,Not Voting,Not Voting,Nay,Nay,Yea,Not Voting,Not Voting,Yea,Yea,Yea,Yea,Nay,Nay,Not Voting,Nay,Nay,Yea,Yea,Not Voting,Nay,Not Voting,Not Voting,Not Voting,Not Voting,Nay,Nay,Nay,Yea,Not Voting,Yea,Nay,Not Voting,Nay,Nay,Not Voting,Nay,Yea,Nay,Nay,Yea,Nay,Not Voting,Not Voting,Yea,Nay,Yea,Nay,Nay,Yea,Yea,Yea,Nay,Not Voting,Nay,Not Voting,,Yea,Yea,Not Voting,Yea,Yea,Not Voting,,Nay,Yea,Yea,Yea,Not Voting,Yea,Not Voting,Nay,Not Voting,Nay,Nay,Nay,Yea,,Nay,Nay,Not Voting,Nay,Nay,Nay,Yea,Yea,,Yea,Not Voting,Yea,,Yea,Yea,Not Voting,,,Nay,Nay,Nay,Yea,Yea,Yea,Not Voting,Yea,Nay,Nay,Nay,Yea,Nay,1800-05-10,0,,unknown,s63,,,,unknown
Yea,Yea,Yea,Yea,Not Voting,Not Voting,Not Voting,Yea,Yea,Nay,Not Voting,Not Voting,Yea,Yea,Nay,Nay,Yea,Yea,Yea,Yea,Yea,Nay,Not Voting,Not Voting,Yea,Not Voting,Not Voting,Not Voting,Not Voting,Yea,Yea,Yea,Yea,Not Voting,Nay,Yea,Not Voting,Yea,Yea,Not Voting,Not Voting,Nay,Yea,Yea,Nay,Yea,Not Voting,Not Voting,Nay,Yea,Nay,Yea,Yea,Nay,Nay,Nay,Yea,Not Voting,Yea,Not Voting,,Nay,Nay,Not Voting,Nay,Nay,Not Voting,,Yea,Yea,Nay,Nay,Not Voting,Yea,Not Voting,Yea,Not Voting,Not Voting,Yea,Yea,Nay,,Yea,Yea,Not Voting,Yea,Yea,Yea,Nay,Nay,,Not Voting,Not Voting,Nay,,Nay,Nay,Not Voting,,,Yea,Yea,Yea,Nay,Nay,Nay,Not Voting,Yea,Yea,Yea,Yea,Not Voting,Not Voting,1800-05-10,0,,unknown,s63,,,,unknown
Not Voting,Not Voting,Not Voting,Yea,Not Voting,Not Voting,Nay,,Not Voting,Nay,Not Voting,Not Voting,Nay,Nay,Nay,Nay,Yea,Yea,Not Voting,Yea,Yea,Not Voting,Nay,Not Voting,Yea,Yea,Yea,Not Voting,Nay,Yea,Yea,,Not Voting,Yea,Not Voting,Not Voting,Not Voting,Not Voting,Yea,,Nay,Nay,Yea,Not Voting,Nay,Not Voting,Not Voting,Yea,Nay,Not Voting,Nay,Yea,Yea,Nay,Not Voting,Nay,Not Voting,Yea,Yea,Nay,Not Voting,Yea,Not Voting,,Not Voting,Nay,,Not Voting,Yea,Nay,Nay,Nay,Not Voting,Not Voting,Yea,Yea,Yea,Not Voting,Yea,Yea,Nay,Yea,Yea,Not Voting,Not Voting,,Not Voting,Yea,Nay,Nay,Yea,Not Voting,Yea,Nay,,Nay,Nay,Nay,Not Voting,Not Voting,Yea,Not Voting,Yea,Nay,Nay,Nay,Nay,Nay,Yea,Yea,Yea,Not Voting,Yea,1800-11-26,0,,unknown,,,,,unknown
Nay,Yea,Nay,Yea,Not Voting,Yea,Nay,,Yea,Nay,Not Voting,Yea,Nay,Nay,Nay,Nay,Yea,Yea,Yea,Yea,Yea,Nay,Nay,Yea,Nay,Nay,Yea,Nay,Nay,Yea,Yea,,Not Voting,Yea,Not Voting,Yea,Nay,Yea,Yea,,Nay,Nay,Yea,Yea,Nay,Not Voting,Not Voting,Yea,Nay,Nay,Nay,Yea,Yea,Nay,Nay,Nay,Yea,Yea,Yea,Nay,Not Voting,Yea,Not Voting,,Not Voting,Nay,,Not Voting,Yea,Nay,Nay,Nay,Nay,Not Voting,Yea,Yea,Yea,Not Voting,Yea,Yea,Nay,Yea,Yea,Yea,Yea,,Not Voting,Not Voting,Nay,Nay,Yea,Nay,Nay,Nay,,Nay,Nay,Nay,Nay,Yea,Yea,Yea,Yea,Nay,Nay,Nay,Nay,Nay,Yea,Yea,Yea,Not Voting,Yea,1800-12-09,0,,unknown,,,,,unknown
Yea,Nay,Yea,Nay,Not Voting,Nay,Yea,,Nay,Yea,Not Voting,Nay,Yea,Yea,Yea,Yea,Nay,Nay,Not Voting,Nay,Nay,Yea,Yea,Nay,Yea,Nay,Nay,Yea,Yea,Nay,Nay,,Not Voting,Nay,Not Voting,Nay,Yea,Nay,Nay,,Not Voting,Yea,Nay,Yea,Yea,Not Voting,Not Voting,Nay,Yea,Nay,Yea,Nay,Nay,Yea,Not Voting,Yea,Nay,Nay,Nay,Yea,Not Voting,Yea,Not Voting,,Not Voting,Yea,,Not Voting,Nay,Yea,Yea,Not Voting,Not Voting,Nay,Nay,Nay,Nay,Nay,Nay,Nay,Yea,Nay,Nay,Nay,Not Voting,,Not Voting,Nay,Yea,Yea,Nay,Yea,Not Voting,Yea,,Not Voting,Yea,Yea,Yea,Nay,Nay,Nay,Nay,Yea,Yea,Yea,Yea,Yea,Nay,Not Voting,Nay,Not Voting,Nay,1800-12-17,0,,unknown,,,,,unknown
Yea,Yea,Nay,Yea,Not Voting,Yea,Yea,,Yea,Yea,Not Voting,Yea,Yea,Nay,Yea,Yea,Yea,Yea,Not Voting,Yea,Yea,Yea,Yea,Yea,Yea,Yea,Yea,Nay,Nay,Yea,Yea,,Not Voting,Yea,Not Voting,Yea,Yea,Yea,Yea,,Yea,Nay,Yea,Yea,Not Voting,Yea,,Yea,Yea,Yea,Yea,Yea,Yea,Nay,Not Voting,Yea,Yea,Not Voting,Yea,Yea,Not Voting,Yea,Not Voting,,Nay,Nay,,Not Voting,Not Voting,Yea,Not Voting,Not Voting,Not Voting,Yea,Yea,Yea,Not Voting,Yea,Yea,Yea,Yea,Yea,Yea,Yea,Not Voting,,Yea,Yea,Yea,Yea,Yea,Not Voting,Not Voting,Yea,Not Voting,Not Voting,Nay,Nay,Yea,Yea,Yea,Yea,Yea,Not Voting,Nay,Yea,Yea,Yea,Yea,Not Voting,Not Voting,Not Voting,Yea,1800-12-22,0,,unknown,,,,,unknown
Nay,Yea,Nay,Yea,Not Voting,Nay,Nay,,Yea,Nay,Not Voting,Yea,Nay,Nay,Nay,Nay,Yea,Yea,Not Voting,Yea,Nay,Nay,Nay,Yea,Yea,Yea,Yea,Nay,Nay,Yea,Yea,,Not Voting,Yea,Not Voting,Yea,Yea,Yea,Yea,,Nay,Nay,Yea,Yea,Nay,Yea,,Yea,Nay,Yea,Nay,Yea,Yea,Nay,Not Voting,Nay,Yea,Yea,Not Voting,Nay,Not Voting,Nay,Not Voting,,Nay,Nay,,Not Voting,Yea,Nay,Not Voting,Not Voting,Not Voting,Yea,Yea,Not Voting,Not Voting,Yea,Yea,Yea,Nay,Yea,Yea,Yea,Not Voting,,Not Voting,Nay,Nay,Nay,Yea,Not Voting,Nay,Nay,Not Voting,Not Voting,Nay,Nay,Nay,Yea,Yea,Yea,Yea,Nay,Nay,Nay,Nay,Nay,Yea,Not Voting,Yea,Not Voting,Yea,1800-12-23,0,,unknown,hr270,,,,unknown
Nay,Not Voting,Nay,Yea,Not Voting,Not Voting,Nay,,Yea,Nay,Not Voting,Yea,Nay,Nay,Nay,Nay,Yea,Yea,Not Voting,Yea,Yea,Nay,Nay,Yea,Yea,Yea,Not Voting,Nay,Nay,Yea,Yea,,Not Voting,Yea,Not Voting,Yea,Yea,Yea,Yea,,Nay,Nay,Yea,Yea,Nay,Yea,,Yea,Not Voting,Yea,Nay,Yea,Yea,Nay,Not Voting,Nay,Yea,Yea,Yea,Nay,Not Voting,Nay,Not Voting,,Not Voting,Nay,,Not Voting,Yea,Nay,Nay,Nay,Not Voting,Yea,Yea,Not Voting,Not Voting,Yea,Yea,Yea,Nay,Yea,Yea,Yea,Not Voting,,Yea,Not Voting,Nay,Nay,Yea,Not Voting,Nay,Nay,Not Voting,Not Voting,Nay,Nay,Not Voting,Yea,Yea,Yea,Yea,Nay,Nay,Nay,Nay,Nay,Yea,Not Voting,Yea,Nay,Yea,1801-01-01,0,,unknown,hr270,,,,unknown
Yea,Yea,Nay,Yea,Yea,Yea,Not Voting,,Yea,Nay,Not Voting,Yea,Nay,Nay,Nay,Nay,Not Voting,Yea,Yea,Yea,Yea,Nay,Not Voting,Yea,Yea,Yea,Yea,Nay,Nay,Yea,Yea,,Not Voting,Yea,Not Voting,Yea,Nay,Yea,Yea,,Nay,Nay,Yea,Yea,Nay,Not Voting,,Yea,Not Voting,Yea,Not Voting,Not Voting,Yea,Nay,Not Voting,Nay,Yea,Not Voting,Yea,Nay,Not Voting,Nay,Not Voting,,Not Voting,Nay,,Not Voting,Yea,Nay,Nay,Nay,Not Voting,Yea,Yea,Not Voting,Not Voting,Yea,Yea,Yea,Nay,Yea,Yea,Yea,Not Voting,,Yea,Not Voting,Nay,Nay,Yea,Not Voting,Nay,Nay,Not Voting,Not Voting,Nay,Nay,Not Voting,Yea,Yea,Yea,Yea,Nay,Nay,Nay,Nay,Nay,Yea,Not Voting,Yea,Yea,Yea,1801-01-02,0,,unknown,,,,,unknown
Nay,Yea,Nay,Yea,Yea,Yea,Nay,,Yea,Nay,Not Voting,Yea,Nay,Yea,Nay,Nay,Yea,Yea,Yea,Yea,Yea,Nay,Nay,Yea,Nay,Yea,Yea,Nay,Nay,Yea,Yea,,Not Voting,Yea,Not Voting,Yea,Yea,Yea,Yea,,Nay,Yea,Yea,Yea,Yea,Yea,,Yea,Not Voting,Yea,Nay,Yea,Yea,Nay,Not Voting,Yea,Yea,Yea,Yea,Nay,Not Voting,Yea,Not Voting,,Not Voting,Nay,,Not Voting,Yea,Nay,Nay,Nay,Not Voting,Yea,Yea,Not Voting,Not Voting,Yea,Yea,Yea,Nay,Yea,Yea,Yea,Not Voting,,Yea,Yea,Nay,Nay,Yea,Not Voting,Yea,Nay,Not Voting,Not Voting,Nay,Nay,Not Voting,Yea,Yea,Yea,Yea,Yea,Nay,Nay,Nay,Nay,Yea,Not Voting,Yea,Yea,Yea,1801-01-06,0,,unknown,,,,,unknown
Yea,Nay,Yea,Nay,Nay,Nay,Yea,,Nay,Yea,Not Voting,Yea,Yea,Yea,Yea,Yea,Nay,Yea,Nay,Nay,Nay,Yea,Yea,Nay,Yea,Nay,Nay,Yea,Yea,Nay,Nay,,Not Voting,Nay,Not Voting,Nay,Yea,Nay,Nay,,Yea,Yea,Nay,Nay,Yea,Nay,,Nay,Not Voting,Nay,Yea,Yea,Nay,Yea,Not Voting,Yea,Nay,Nay,Nay,Yea,Not Voting,Yea,Not Voting,,Not Voting,Yea,,Not Voting,Nay,Yea,Yea,Yea,Not Voting,Yea,Nay,Not Voting,Not Voting,Nay,Nay,Not Voting,Yea,Nay,Yea,Nay,Not Voting,,Nay,Nay,Yea,Yea,Nay,Not Voting,Yea,Yea,Not Voting,Not Voting,Yea,Yea,Not Voting,Nay,Nay,Nay,Nay,Yea,Yea,Yea,Yea,Yea,Yea,Not Voting,Nay,Yea,Nay,1801-01-06,0,,unknown,,,,,unknown
Nay,Yea,Nay,Yea,Yea,Yea,Nay,,Yea,Nay,Not Voting,Yea,Nay,Nay,Nay,Nay,Yea,Yea,Yea,Yea,Yea,Nay,Nay,Yea,Nay,Yea,Yea,Nay,Nay,Yea,Yea,,Not Voting,Yea,Not Voting,Yea,Nay,Yea,Yea,,Nay,Nay,Yea,Yea,Nay,Yea,,Yea,Not Voting,Yea,Nay,Yea,Yea,Nay,Not Voting,Nay,Yea,Yea,Yea,Nay,Not Voting,Yea,Not Voting,,Not Voting,Nay,,Not Voting,Yea,Nay,Nay,Nay,Not Voting,Yea,Yea,Not Voting,Not Voting,Yea,Yea,Yea,Nay,Yea,Yea,Yea,Not Voting,,Yea,Yea,Nay,Nay,Yea,Not Voting,Nay,Nay,Not Voting,Not Voting,Nay,Nay,Not Voting,Yea,Yea,Yea,Yea,Nay,Nay,Nay,Nay,Nay,Yea,Not Voting,Yea,Nay,Yea,1801-01-06,0,,unknown,,,,,unknown
Nay,Yea,Nay,Yea,Yea,Yea,Nay,,Yea,Nay,Not Voting,Yea,Nay,Nay,Nay,Nay,Yea,Yea,Yea,Yea,Yea,Nay,Nay,Yea,Nay,Yea,Yea,Nay,Nay,Yea,Yea,,Not Voting,Not Voting,Nay,Yea,Yea,Yea,Yea,,Nay,Nay,Yea,Yea,Nay,Yea,,Yea,Nay,Yea,Nay,Yea,Yea,Nay,Not Voting,Nay,Yea,Not Voting,Yea,Nay,Not Voting,Nay,Not Voting,,Not Voting,Nay,,Not Voting,Yea,Nay,Nay,Nay,Nay,Yea,Yea,Yea,Not Voting,Yea,Yea,Yea,Nay,Yea,Yea,Yea,Not Voting,,Yea,Yea,Nay,Nay,Yea,Nay,Nay,Nay,Not Voting,Not Voting,Nay,Nay,Not Voting,Yea,Yea,Yea,Yea,Nay,Nay,Nay,Nay,Nay,Not Voting,Yea,Yea,Nay,Yea,1801-01-12,0,,unknown,hr275,,,,unknown
Yea,Yea,Yea,Yea,Yea,Yea,Nay,,Yea,Yea,Not Voting,Yea,Yea,Nay,Nay,Yea,Yea,Yea,Yea,Yea,Yea,Yea,Nay,Yea,Yea,Yea,Yea,Yea,Nay,Yea,Yea,,Not Voting,Yea,Yea,Yea,Yea,Yea,Yea,,Yea,Yea,Yea,Yea,Yea,Yea,,Yea,Yea,Not Voting,Yea,Yea,Yea,Yea,Not Voting,Nay,Not Voting,Yea,Not Voting,Yea,Not Voting,Nay,Not Voting,,Not Voting,Nay,,Not Voting,Yea,Yea,Nay,Yea,Nay,Nay,Yea,Yea,Not Voting,Yea,Yea,Yea,Nay,Yea,Yea,Yea,Not Voting,,Yea,Yea,Nay,Yea,Yea,Not Voting,Nay,Nay,Not Voting,Not Voting,Yea,Not Voting,Not Voting,Yea,Yea,Yea,Yea,Yea,Nay,Yea,Yea,Nay,Yea,Yea,Yea,Nay,Yea,1801-01-13,0,,unknown,hr275,,,,unknown
Nay,Nay,Nay,Yea,Yea,Yea,Nay,,Yea,Nay,Not Voting,Yea,Nay,Nay,Nay,Nay,Yea,Nay,Yea,Yea,Yea,Nay,Nay,Nay,Nay,Nay,Yea,Nay,Nay,Nay,Yea,,Not Voting,Yea,Nay,Yea,Nay,Yea,Yea,,Nay,Nay,Yea,Nay,Nay,Yea,,Yea,Nay,Not Voting,Nay,Nay,Yea,Nay,Not Voting,Nay,Not Voting,Not Voting,Not Voting,Nay,Not Voting,Nay,Not Voting,,Not Voting,Nay,,Not Voting,Yea,Nay,Nay,Nay,Nay,Nay,Yea,Nay,Not Voting,Yea,Yea,Nay,Nay,Yea,Yea,Yea,Not Voting,,Yea,Yea,Nay,Nay,Yea,Nay,Nay,Nay,Not Voting,Not Voting,Nay,Not Voting,Not Voting,Yea,Yea,Nay,Yea,Nay,Nay,Nay,Nay,Nay,Yea,Yea,Yea,Nay,Yea,1801-01-13,0,,unknown,hr275,,,,unknown
Yea,Yea,Yea,Yea,Nay,Nay,Yea,,Nay,Yea,Not Voting,Nay,Yea,Yea,Yea,Yea,Nay,Yea,Nay,Nay,Nay,Yea,Nay,Yea,Yea,Yea,Nay,Yea,Yea,Yea,Nay,,Not Voting,Nay,Yea,Nay,Yea,Nay,Yea,,Yea,Yea,Nay,Yea,Yea,Nay,,Not Voting,Yea,Not Voting,Yea,Yea,Nay,Yea,Not Voting,Yea,Not Voting,Nay,Nay,Yea,Not Voting,Yea,Not Voting,,Not Voting,Yea,,Not Voting,Nay,Yea,Yea,Yea,Yea,Yea,Nay,Yea,Not Voting,Nay,Nay,Yea,Yea,Yea,Nay,Nay,Not Voting,,Nay,Nay,Yea,Yea,Nay,Yea,Yea,Yea,Not Voting,Not Voting,Yea,Not Voting,Not Voting,Nay,Nay,Yea,Nay,Yea,Yea,Yea,Yea,Yea,Nay,Nay,Nay,Yea,Nay,1801-01-13,0,,unknown,hr275,,,,unknown
Yea,Not Voting,Yea,Nay,Nay,Not Voting,Yea,,Nay,Yea,Not Voting,Nay,Yea,Yea,Yea,Yea,Nay,Not Voting,Nay,Nay,Nay,Not Voting,Not Voting,Nay,Yea,Nay,Nay,Yea,Yea,Nay,Nay,,Not Voting,Nay,Yea,Nay,Yea,Nay,Nay,,Yea,Yea,Nay,Nay,Yea,Nay,,Nay,Yea,Nay,Yea,Nay,Nay,Yea,Not Voting,Yea,Nay,Nay,Not Voting,Yea,Not Voting,Yea,Not Voting,,Yea,Yea,,Not Voting,Nay,Yea,Yea,Yea,Not Voting,Nay,Nay,Nay,Not Voting,Nay,Nay,Nay,Yea,Nay,Nay,Nay,Not Voting,,Nay,Nay,Yea,Yea,Nay,Yea,Yea,Yea,Not Voting,Not Voting,Yea,Yea,Not Voting,Nay,Nay,Nay,Nay,Yea,Yea,Yea,Yea,Yea,Nay,Nay,Nay,Yea,Nay,1801-01-15,0,,unknown,hr276,,,,unknown
Yea,Yea,Nay,Yea,Not Voting,Nay,Nay,,Yea,Nay,Not Voting,Not Voting,Not Voting,Nay,Nay,Yea,Yea,Not Voting,Not Voting,Yea,Yea,Not Voting,Nay,Yea,Yea,Yea,Yea,Nay,Nay,Yea,Yea,,Not Voting,Not Voting,Nay,Yea,Yea,Yea,Yea,,Nay,Yea,Yea,Yea,Yea,Yea,,Yea,Nay,Yea,Nay,Yea,Yea,Nay,Not Voting,Nay,Yea,Yea,Yea,Nay,Not Voting,Nay,Not Voting,,Nay,Nay,,Not Voting,Yea,Nay,Nay,Nay,Not Voting,Yea,Yea,Yea,Not Voting,Not Voting,Yea,Not Voting,Not Voting,Not Voting,Not Voting,Yea,Not Voting,,Yea,Not Voting,Nay,Nay,Yea,Nay,Not Voting,Nay,Not Voting,Not Voting,Nay,Yea,Not Voting,Yea,Not Voting,Yea,Not Voting,Nay,Nay,Nay,Not Voting,Nay,Yea,Yea,Yea,Yea,Yea,1801-01-16,0,,unknown,hr276,,,,unknown
Nay,Yea,Nay,Yea,Yea,Yea,Nay,,Yea,Nay,Not Voting,Yea,Nay,Nay,Nay,Nay,Yea,Yea,Yea,Yea,Yea,Nay,Nay,Yea,Nay,Yea,Yea,Nay,Nay,Yea,Yea,,Not Voting,Yea,Nay,Yea,Yea,Yea,Yea,,Nay,Nay,Yea,Yea,Nay,Yea,,Yea,Nay,Yea,Nay,Yea,Yea,Nay,Not Voting,Nay,Yea,Yea,Yea,Nay,Not Voting,Nay,Not Voting,,Nay,Nay,,Not Voting,Yea,Nay,Nay,Nay,Nay,Not Voting,Yea,Yea,Not Voting,Yea,Yea,Yea,Nay,Yea,Yea,Yea,Not Voting,,Yea,Yea,Nay,Nay,Yea,Nay,Nay,Nay,Not Voting,Not Voting,Nay,Nay,Not Voting,Yea,Yea,Yea,Yea,Nay,Nay,Nay,Nay,Nay,Yea,Yea,Yea,Nay,Yea,1801-01-20,0,,unknown,hr275,,,,unknown
Nay,Not Voting,Nay,Yea,Yea,Yea,Nay,,Yea,Nay,Not Voting,Yea,Nay,Nay,Nay,Nay,Yea,Yea,Yea,Yea,Yea,Nay,Nay,Yea,Nay,Yea,Yea,Nay,Nay,Yea,Yea,,Not Voting,Yea,Nay,Yea,Nay,Yea,Yea,,Nay,Nay,Yea,Yea,Nay,Yea,,Yea,Nay,Yea,Nay,Nay,Yea,Nay,Not Voting,Nay,Yea,Yea,Yea,Nay,Not Voting,Nay,Not Voting,,Nay,Nay,,Not Voting,Yea,Nay,Nay,Nay,Nay,Nay,Yea,Yea,Nay,Yea,Yea,Yea,Nay,Yea,Yea,Yea,Yea,,Yea,Yea,Nay,Nay,Yea,Nay,Nay,Nay,Not Voting,Nay,Nay,Nay,Not Voting,Yea,Yea,Yea,Yea,Nay,Nay,Nay,Nay,Nay,Yea,Yea,Yea,Nay,Yea,1801-01-23,0,,unknown,,,,,unknown
Yea,Yea,Not Voting,Not Voting,Not Voting,Nay,Yea,,Yea,Yea,Nay,Yea,Yea,Yea,Nay,Not Voting,Yea,Yea,Yea,Not Voting,Yea,Not Voting,Yea,Yea,Yea,Yea,Yea,Yea,Nay,Not Voting,Yea,,Yea,Not Voting,Yea,Yea,Yea,Yea,Yea,,Nay,Yea,Yea,Not Voting,Yea,Yea,,Yea,Yea,Not Voting,Yea,Not Voting,Not Voting,Nay,Not Voting,Nay,Yea,Nay,Not Voting,Yea,Not Voting,Yea,Yea,,Not Voting,Nay,,Not Voting,Yea,Yea,Yea,Yea,Yea,Yea,Yea,Yea,Yea,Yea,Yea,Not Voting,Nay,Yea,Yea,Yea,Not Voting,,Yea,Yea,Yea,Nay,Yea,Not Voting,Yea,Yea,Not Voting,Not Voting,Nay,Yea,Not Voting,Yea,Yea,Not Voting,Yea,Yea,Nay,Yea,Yea,Yea,Yea,Yea,Not Voting,Yea,Not Voting,1801-01-27,0,,unknown,hr279,,,,unknown
Nay,Yea,Nay,Yea,Yea,Nay,Nay,,Yea,Nay,Nay,Not Voting,Nay,Nay,Nay,Yea,Yea,Yea,Yea,Yea,Yea,Nay,Nay,Yea,Yea,Yea,Yea,Nay,Nay,Yea,Yea,,Nay,Yea,Nay,Yea,Yea,Yea,Yea,,Nay,Nay,Yea,Yea,Nay,Yea,,Not Voting,Nay,Not Voting,Nay,Yea,Yea,Nay,Not Voting,Nay,Not Voting,Yea,Yea,Nay,Not Voting,Yea,Nay,,Nay,Nay,,Not Voting,Yea,Nay,Nay,Nay,Nay,Not Voting,Yea,Yea,Yea,Not Voting,Yea,Yea,Nay,Yea,Yea,Yea,Not Voting,,Yea,Yea,Nay,Nay,Yea,Yea,Nay,Nay,Not Voting,Not Voting,Nay,Nay,Nay,Yea,Yea,Yea,Yea,Nay,Nay,Nay,Nay,Nay,Yea,Yea,Yea,Nay,Yea,1801-01-30,0,,unknown,hr281,,,,unknown
Yea,Yea,Yea,Nay,Nay,Nay,Yea,,Nay,Yea,Yea,Nay,Yea,Yea,Yea,Yea,Nay,Nay,Not Voting,Nay,Nay,Nay,Yea,Nay,Nay,Nay,Nay,Yea,Yea,Nay,Nay,,Yea,Nay,Yea,Nay,Yea,Nay,Nay,,Yea,Nay,Nay,Nay,Yea,Nay,,Nay,Yea,Nay,Yea,Nay,Nay,Yea,Not Voting,Yea,Not Voting,Nay,Nay,Yea,Yea,Yea,Yea,,Yea,Yea,,Nay,Nay,Yea,Yea,Yea,Not Voting,Nay,Nay,Yea,Nay,Nay,Nay,Nay,Yea,Nay,Nay,Nay,Not Voting,,Nay,Nay,Yea,Yea,Nay,Yea,Yea,Yea,Yea,Yea,Not Voting,Yea,Yea,Nay,Nay,Nay,Nay,Yea,Yea,Yea,Yea,Yea,Nay,Nay,Nay,Nay,Nay,1801-02-09,0,,unknown,,,,,unknown
Yea,Nay,Yea,Nay,Nay,Nay,Yea,,Nay,Yea,Yea,Nay,Yea,Yea,Yea,Yea,Nay,Nay,Not Voting,Nay,Nay,Yea,Yea,Nay,Yea,Nay,Nay,Yea,Yea,Nay,Nay,,Yea,Nay,Yea,Nay,Nay,Nay,Nay,,Yea,Yea,Nay,Nay,Yea,Nay,,Nay,Yea,Nay,Yea,Nay,Nay,Yea,Not Voting,Not Voting,Not Voting,Nay,Nay,Yea,Nay,Nay,Yea,,Yea,Yea,,Nay,Nay,Yea,Yea,Yea,Not Voting,Nay,Nay,Nay,Nay,Nay,Nay,Nay,Yea,Nay,Nay,Nay,Not Voting,,Nay,Nay,Yea,Yea,Nay,Yea,Yea,Yea,Yea,Yea,Not Voting,Yea,Yea,Nay,Nay,Nay,Nay,Yea,Yea,Yea,Yea,Yea,Nay,Nay,Nay,Yea,Nay,1801-02-02,0,,unknown,,,,,unknown
Nay,Nay,Nay,Yea,Nay,Yea,Nay,,Nay,Nay,Nay,Yea,Nay,Nay,Nay,Nay,Yea,Nay,Not Voting,Yea,Yea,Nay,Nay,Yea,Nay,Nay,Yea,Nay,Nay,Yea,Yea,,Nay,Yea,Nay,Yea,Nay,Yea,Yea,,Nay,Nay,Yea,Yea,Nay,Yea,,Yea,Nay,Yea,Nay,Yea,Yea,Nay,Not Voting,Nay,Not Voting,Nay,Not Voting,Nay,Nay,Nay,Nay,,Nay,Nay,,Yea,Yea,Nay,Nay,Nay,Not Voting,Nay,Yea,Nay,Yea,Yea,Yea,Nay,Nay,Yea,Yea,Yea,Not Voting,,Yea,Yea,Nay,Nay,Yea,Nay,Nay,Nay,Nay,Nay,Not Voting,Nay,Nay,Yea,Yea,Yea,Nay,Nay,Nay,Nay,Nay,Nay,Yea,Yea,Yea,Nay,Yea,1801-02-10,0,,unknown,hr302,,,,unknown
Yea,Yea,Not Voting,Nay,Nay,Yea,Yea,,Yea,Yea,Yea,Nay,Yea,Yea,Yea,Yea,Nay,Yea,Not Voting,Nay,Nay,Yea,Yea,Yea,Yea,Yea,Nay,Yea,Yea,Nay,Nay,,Yea,Nay,Yea,Nay,Yea,Nay,Nay,,Yea,Yea,Nay,Yea,Yea,Nay,,Nay,Yea,Yea,Yea,Nay,Not Voting,Yea,Not Voting,Yea,Not Voting,Yea,Not Voting,Yea,Yea,Not Voting,Yea,,Yea,Yea,,Nay,Nay,Yea,Yea,Yea,Not Voting,Nay,Nay,Yea,Nay,Nay,Nay,Yea,Yea,Nay,Nay,Nay,Not Voting,,Nay,Nay,Yea,Yea,Nay,Yea,Yea,Yea,Yea,Yea,Not Voting,Yea,Yea,Nay,Nay,Yea,Nay,Yea,Yea,Yea,Yea,Yea,Nay,Nay,Nay,Yea,Nay,1801-02-10,0,,unknown,hr302,,,,unknown
Nay,Nay,Nay,Yea,Yea,Yea,Nay,,Yea,Nay,Nay,Nay,Nay,Nay,Nay,Nay,Yea,Nay,Not Voting,Yea,Yea,Nay,Nay,Yea,Nay,Yea,Yea,Nay,Nay,Nay,Yea,,Nay,Not Voting,Nay,Yea,Nay,Yea,Yea,,Nay,Nay,Yea,Yea,Nay,Yea,,Yea,Nay,Nay,Nay,Yea,Not Voting,Nay,Not Voting,Nay,Not Voting,Yea,Not Voting,Nay,Nay,Nay,Nay,,Nay,Nay,,Nay,Yea,Nay,Nay,Nay,Not Voting,Yea,Yea,Nay,Nay,Yea,Yea,Yea,Nay,Yea,Not Voting,Yea,Not Voting,,Yea,Yea,Nay,Nay,Yea,Nay,Nay,Nay,Nay,Nay,Not Voting,Nay,Nay,Yea,Yea,Yea,Yea,Nay,Nay,Nay,Nay,Nay,Nay,Not Voting,Yea,Nay,Nay,1801-02-10,0,,unknown,,,,,unknown
Yea,Nay,Yea,Nay,Not Voting,Nay,Yea,,Nay,Yea,Yea,Nay,Yea,Yea,Yea,Yea,Nay,Nay,Nay,Nay,Nay,Yea,Yea,Nay,Yea,Nay,Nay,Yea,Yea,Nay,Nay,,Not Voting,Nay,Yea,Nay,Not Voting,Nay,Nay,,Yea,Yea,Nay,Nay,Yea,Nay,,Nay,Yea,Nay,Yea,Yea,Nay,Yea,Not Voting,Yea,Nay,Nay,Nay,Yea,Yea,Yea,Yea,,Yea,Yea,,Nay,Nay,Yea,Yea,Yea,Yea,Not Voting,Nay,Nay,Yea,Nay,Nay,Nay,Yea,Nay,Nay,Nay,Nay,,Nay,Nay,Yea,Yea,Nay,Yea,Yea,Yea,Yea,Yea,Not Voting,Yea,Yea,Nay,Nay,Nay,Nay,Yea,Yea,Yea,Yea,Yea,Nay,Nay,Nay,Yea,Nay,1801-02-19,0,,unknown,hr309,,,,unknown
Yea,Nay,Yea,Nay,Nay,Nay,Yea,,Nay,Yea,Yea,Nay,Yea,Yea,Yea,Yea,Nay,Nay,Nay,Nay,Nay,Yea,Yea,Nay,Yea,Nay,Nay,Yea,Yea,Nay,Nay,,Yea,Nay,Yea,Nay,Nay,Nay,Nay,,Yea,Yea,Nay,Nay,Yea,Nay,,Nay,Yea,Nay,Yea,Nay,Nay,Yea,Not Voting,Yea,Nay,Nay,Nay,Yea,Nay,Not Voting,Yea,,Yea,Yea,,Nay,Nay,Yea,Yea,Yea,Yea,Not Voting,Nay,Nay,Nay,Nay,Nay,Nay,Yea,Nay,Nay,Nay,Not Voting,,Nay,Nay,Yea,Yea,Nay,Yea,Yea,Yea,Yea,Yea,Yea,Yea,Yea,Nay,Nay,Nay,Nay,Yea,Yea,Yea,Yea,Yea,Nay,Nay,Nay,Yea,Nay,1801-02-20,0,,unknown,,,,,unknown
Nay,Yea,Nay,Yea,Yea,Yea,Nay,,Yea,Nay,Nay,Yea,Nay,Nay,Nay,Nay,Yea,Yea,Yea,Yea,Yea,Nay,Nay,Yea,Yea,Yea,Yea,Nay,Nay,Yea,Yea,,Nay,Yea,Not Voting,Yea,Yea,Yea,Yea,,Nay,Yea,Yea,Yea,Yea,Yea,,Yea,Nay,Yea,Nay,Yea,Yea,Nay,Not Voting,Yea,Yea,Yea,Yea,Nay,Yea,Nay,Nay,,Nay,Nay,,Yea,Yea,Nay,Nay,Nay,Nay,Not Voting,Yea,Yea,Yea,Yea,Yea,Yea,Nay,Yea,Yea,Yea,Not Voting,,Yea,Yea,Nay,Yea,Yea,Nay,Nay,Nay,Nay,Nay,Nay,Nay,Nay,Yea,Yea,Yea,Yea,Nay,Nay,Nay,Nay,Yea,Yea,Yea,Yea,Nay,Yea,1801-02-20,0,,unknown,,,,,unknown
Yea,Nay,Yea,Nay,Nay,Nay,Yea,,Nay,Yea,Yea,Nay,Yea,Yea,Yea,Yea,Nay,Nay,Nay,Nay,Nay,Yea,Yea,Nay,Yea,Nay,Nay,Yea,Yea,Nay,Nay,,Yea,Nay,Yea,Nay,Nay,Nay,Nay,,Yea,Yea,Nay,Nay,Yea,Nay,,Nay,Yea,Nay,Yea,Nay,Nay,Yea,Not Voting,Yea,Nay,Nay,Nay,Yea,Yea,Yea,Yea,,Yea,Yea,,Nay,Nay,Yea,Yea,Yea,Yea,Not Voting,Nay,Nay,Nay,Nay,Nay,Nay,Yea,Nay,Nay,Nay,Not Voting,,Nay,Nay,Yea,Yea,Nay,Yea,Yea,Yea,Yea,Yea,Yea,Yea,Yea,Nay,Nay,Nay,Nay,Yea,Yea,Yea,Yea,Yea,Nay,Nay,Nay,Yea,Nay,1801-02-20,0,,unknown,,,,,unknown
Nay,Yea,Nay,Yea,Yea,Not Voting,Nay,,Yea,Nay,Nay,Yea,Nay,Nay,Nay,Nay,Yea,Yea,Yea,Yea,Yea,Nay,Nay,Yea,Nay,Yea,Yea,Nay,Nay,Yea,Yea,,Nay,Yea,Nay,Yea,Nay,Yea,Yea,,Nay,Nay,Yea,Yea,Nay,Yea,,Yea,Nay,Yea,Nay,Nay,Yea,Nay,Not Voting,Nay,Yea,Yea,Yea,Nay,Nay,Nay,Nay,,Nay,Nay,,Yea,Yea,Nay,Nay,Nay,Nay,Not Voting,Yea,Yea,Nay,Yea,Yea,Yea,Nay,Yea,Yea,Yea,Not Voting,,Yea,Yea,Nay,Nay,Yea,Nay,Nay,Nay,Nay,Nay,Nay,Nay,Nay,Yea,Yea,Yea,Yea,Nay,Nay,Nay,Nay,Nay,Yea,Yea,Yea,Nay,Yea,1801-02-20,0,,unknown,hr309,,,,unknown
Yea,Yea,Nay,Yea,Yea,Yea,Nay,,Yea,Nay,Nay,Yea,Not Voting,Nay,Nay,Nay,Yea,Yea,Not Voting,Yea,Yea,Nay,Nay,Yea,Yea,Yea,Yea,Nay,Nay,Not Voting,Yea,,Nay,Yea,Nay,Yea,Not Voting,Yea,Not Voting,,Nay,Nay,Yea,Yea,Nay,Yea,,Yea,Nay,Not Voting,Yea,Yea,Yea,Nay,Not Voting,Nay,Yea,Not Voting,Yea,Nay,Yea,Nay,Nay,,Nay,Yea,,Yea,Yea,Nay,Yea,Yea,Nay,Not Voting,Yea,Yea,Yea,Not Voting,Yea,Yea,Nay,Yea,Yea,Yea,Not Voting,,Yea,Yea,Nay,Nay,Yea,Yea,Yea,Nay,Nay,Yea,Not Voting,Nay,Nay,Not Voting,Yea,Yea,Yea,Not Voting,Nay,Nay,Nay,Nay,Yea,Yea,Yea,Yea,Yea,1801-02-24,0,,unknown,s68,,,,unknown
Yea,Nay,Yea,Nay,Nay,Nay,Yea,,Nay,Yea,Yea,Nay,Yea,Yea,Yea,Yea,Nay,Nay,Nay,Nay,Nay,Yea,Yea,Nay,Not Voting,Nay,Nay,Yea,Yea,Nay,Nay,,Yea,Nay,Yea,Nay,Not Voting,Nay,Nay,,Yea,Yea,Nay,Nay,Yea,Nay,,Nay,Yea,Nay,Yea,Nay,Nay,Not Voting,Not Voting,Yea,Nay,Not Voting,Nay,Yea,Yea,Yea,Yea,,Yea,Yea,,Yea,Nay,Yea,Yea,Yea,Yea,Not Voting,Nay,Yea,Nay,Nay,Nay,Nay,Yea,Nay,Nay,Nay,Not Voting,,Nay,Nay,Yea,Yea,Nay,Not Voting,Yea,Yea,Yea,Yea,Not Voting,Yea,Yea,Nay,Nay,Nay,Nay,Yea,Yea,Yea,Yea,Yea,Nay,Nay,Nay,Yea,Nay,1801-02-26,0,,unknown,hr306,,,,unknown
Yea,Nay,Yea,Yea,Nay,Nay,Yea,,Nay,Yea,Yea,Nay,Yea,Yea,Yea,Yea,Nay,Nay,Not Voting,Nay,Nay,Yea,Yea,Nay,Yea,Yea,Nay,Yea,Yea,Yea,Nay,,Yea,Not Voting,Yea,Nay,Not Voting,Nay,Nay,,Not Voting,Yea,Nay,Nay,Yea,Yea,,Yea,Yea,Not Voting,Yea,Nay,Nay,Not Voting,Not Voting,Yea,Nay,Nay,Nay,Yea,Yea,Yea,Yea,,Yea,Yea,,Not Voting,Nay,Yea,Yea,Yea,Yea,Not Voting,Nay,Not Voting,Not Voting,Nay,Nay,Nay,Yea,Yea,Nay,Nay,Not Voting,,Nay,Nay,Yea,Yea,Nay,Yea,Yea,Yea,Yea,Yea,Not Voting,Yea,Yea,Nay,Nay,Nay,Nay,Yea,Yea,Yea,Yea,Yea,Nay,Nay,Nay,Yea,Nay,1801-02-26,0,,unknown,hr306,,,,unknown
Yea,Yea,Yea,Yea,Yea,Nay,Yea,,Yea,Yea,Nay,Nay,Yea,Nay,Yea,Yea,Nay,Yea,Nay,Nay,Nay,Yea,Yea,Yea,Yea,Nay,Nay,Yea,Yea,Yea,Nay,,Yea,Not Voting,Yea,Nay,Not Voting,Nay,Nay,,Not Voting,Yea,Yea,Yea,Yea,Yea,,Yea,Yea,Yea,Yea,Nay,Nay,Not Voting,Not Voting,Yea,Yea,Nay,Yea,Yea,Yea,Yea,Yea,,Yea,Yea,,Yea,Yea,Yea,Yea,Yea,Yea,Not Voting,Nay,Not Voting,Nay,Nay,Nay,Yea,Yea,Yea,Yea,Nay,Not Voting,,Nay,Yea,Yea,Yea,Nay,Yea,Yea,Yea,Yea,Yea,Not Voting,Yea,Yea,Yea,Yea,Yea,Nay,Yea,Yea,Yea,Yea,Yea,Nay,Yea,Yea,Yea,Nay,1801-02-26,0,,unknown,hr306,,,,unknown
Nay,Yea,Nay,Yea,Yea,Yea,Nay,,Yea,Nay,Nay,Yea,Not Voting,Nay,Nay,Nay,Yea,Yea,Yea,Yea,Yea,Not Voting,Nay,Yea,Yea,Yea,Yea,Nay,Not Voting,Yea,Yea,,Nay,Yea,Nay,Yea,Not Voting,Yea,Yea,,Nay,Nay,Yea,Not Voting,Nay,Yea,,Yea,Nay,Yea,Nay,Yea,Yea,Nay,Not Voting,Nay,Yea,Not Voting,Yea,Nay,Nay,Nay,Yea,,Nay,Nay,,Not Voting,Yea,Nay,Nay,Nay,Nay,Not Voting,Yea,Not Voting,Yea,Yea,Yea,Yea,Nay,Yea,Yea,Not Voting,Not Voting,,Yea,Yea,Nay,Nay,Yea,Yea,Nay,Nay,Nay,Nay,Nay,Nay,Nay,Yea,Yea,Yea,Not Voting,Nay,Nay,Nay,Not Voting,Nay,Yea,Yea,Yea,Not Voting,Yea,1801-02-27,0,,unknown,hr291,,,,unknown
Yea,Not Voting,Yea,Yea,Yea,Not Voting,Yea,,Yea,Yea,Yea,Nay,Yea,Yea,Yea,Yea,Nay,Not Voting,Not Voting,Nay,Not Voting,Yea,Yea,Yea,Yea,Nay,Nay,Yea,Not Voting,Yea,Nay,,Not Voting,Yea,Yea,Nay,Not Voting,Nay,Nay,,Not Voting,Yea,Yea,Yea,Yea,Not Voting,,Not Voting,Yea,Yea,Yea,Nay,Nay,Yea,Not Voting,Yea,Yea,Not Voting,Yea,Yea,Yea,Yea,Yea,,Yea,Yea,,Yea,Yea,Yea,Yea,Yea,Yea,Not Voting,Nay,Yea,Nay,Not Voting,Nay,Yea,Yea,Yea,Yea,Not Voting,Not Voting,,Nay,Yea,Yea,Yea,Nay,Yea,Yea,Yea,Yea,Yea,Yea,Yea,Yea,Yea,Yea,Yea,Not Voting,Yea,Yea,Yea,Not Voting,Yea,Nay,Yea,Yea,Yea,Nay,1801-02-27,0,,unknown,hr306,,,,unknown
Yea,Yea,Yea,Nay,Nay,Nay,Yea,,Nay,Yea,Yea,Nay,Yea,Yea,Yea,Yea,Nay,Nay,Nay,Nay,Nay,Yea,Yea,Nay,Yea,Nay,Nay,Yea,Not Voting,Nay,Nay,,Yea,Nay,Yea,Nay,Not Voting,Nay,Not Voting,,Yea,Yea,Nay,Yea,Yea,Nay,,Not Voting,Yea,Yea,Yea,Nay,Nay,Yea,Not Voting,Yea,Nay,Not Voting,Nay,Yea,Yea,Yea,Yea,,Yea,Yea,,Not Voting,Nay,Yea,Yea,Yea,Yea,Not Voting,Nay,Yea,Nay,Nay,Nay,Nay,Yea,Nay,Nay,Not Voting,Not Voting,,Nay,Nay,Yea,Yea,Nay,Yea,Yea,Yea,Not Voting,Yea,Not Voting,Yea,Yea,Nay,Nay,Nay,Not Voting,Yea,Yea,Yea,Not Voting,Yea,Nay,Nay,Nay,Yea,Nay,1801-02-28,0,,unknown,hr291,,,,unknown
Nay,Yea,Nay,Yea,Yea,Nay,Nay,,Yea,Nay,Nay,Nay,Nay,Nay,Nay,Not Voting,Not Voting,Yea,Yea,Yea,Nay,Nay,Nay,Yea,Not Voting,Yea,Nay,Nay,Not Voting,Yea,Yea,,Nay,Not Voting,Nay,Yea,Not Voting,Yea,Not Voting,,Not Voting,Nay,Yea,Yea,Nay,Yea,,Yea,Nay,Yea,Nay,Yea,Not Voting,Nay,Not Voting,Not Voting,Yea,Yea,Yea,Not Voting,Nay,Nay,Nay,,Nay,Nay,,Not Voting,Yea,Nay,Nay,Nay,Nay,Not Voting,Not Voting,Yea,Not Voting,Yea,Yea,Yea,Nay,Yea,Nay,Not Voting,Not Voting,,Yea,Nay,Nay,Nay,Yea,Nay,Nay,Nay,Nay,Nay,Nay,Nay,Not Voting,Nay,Yea,Yea,Not Voting,Nay,Nay,Nay,Not Voting,Nay,Nay,Not Voting,Yea,Not Voting,Yea,1801-03-02,0,,unknown,hr270,,,,unknown
Not Voting,Not Voting,Yea,Yea,Nay,Yea,Yea,,Nay,Yea,Yea,Nay,Nay,Yea,Yea,Not Voting,Not Voting,Nay,Yea,Nay,Yea,Not Voting,Yea,Nay,Not Voting,Nay,Nay,Yea,Not Voting,Nay,Nay,,Yea,Not Voting,Yea,Nay,Not Voting,Yea,Not Voting,,Not Voting,Yea,Nay,Yea,Yea,Nay,,Nay,Yea,Not Voting,Yea,Nay,Nay,Nay,Not Voting,Not Voting,Yea,Nay,Nay,Yea,Yea,Yea,Yea,,Yea,Yea,,Nay,Not Voting,Yea,Yea,Yea,Not Voting,Not Voting,Not Voting,Nay,Not Voting,Nay,Nay,Not Voting,Nay,Yea,Yea,Not Voting,Not Voting,,Nay,Yea,Yea,Yea,Nay,Yea,Yea,Nay,Nay,Yea,Nay,Yea,Not Voting,Yea,Nay,Yea,Not Voting,Yea,Yea,Yea,Not Voting,Yea,Yea,Not Voting,Nay,Nay,Not Voting,1801-03-02,0,,unknown,hr270,,,,unknown
Nay,Yea,Not Voting,Yea,Yea,Not Voting,Nay,,Yea,Nay,Nay,Yea,Yea,Nay,Nay,Not Voting,Not Voting,Yea,Yea,Yea,Not Voting,Yea,Nay,Yea,Nay,Yea,Not Voting,Nay,Not Voting,Yea,Yea,,Not Voting,Not Voting,Nay,Yea,Not Voting,Not Voting,Not Voting,,Not Voting,Nay,Not Voting,Not Voting,Nay,Yea,,Yea,Nay,Not Voting,Nay,Yea,Not Voting,Nay,Not Voting,Not Voting,Not Voting,Yea,Yea,Yea,Yea,Nay,Nay,,Not Voting,Nay,,Not Voting,Yea,Yea,Not Voting,Nay,Yea,Not Voting,Not Voting,Yea,Not Voting,Yea,Yea,Not Voting,Yea,Not Voting,Yea,Not Voting,Not Voting,,Not Voting,Not Voting,Nay,Nay,Yea,Yea,Nay,Nay,Yea,Nay,Nay,Yea,Not Voting,Yea,Yea,Yea,Not Voting,Not Voting,Nay,Nay,Not Voting,Nay,Not Voting,Not Voting,Yea,Not Voting,Yea,1801-03-03,0,,unknown,,,,,unknown
Nay,Yea,Nay,Yea,Yea,Not Voting,Nay,,Yea,Nay,Nay,Yea,Nay,Nay,Nay,Not Voting,Not Voting,Yea,Yea,Yea,Yea,Nay,Nay,Yea,Nay,Yea,Yea,Nay,Not Voting,Yea,Yea,,Nay,Not Voting,Nay,Yea,Not Voting,Yea,Not Voting,,Not Voting,Nay,Yea,Yea,Nay,Yea,,Yea,Nay,Not Voting,Nay,Not Voting,Yea,Not Voting,Not Voting,Not Voting,Yea,Yea,Yea,Nay,Nay,Nay,Nay,,Nay,Nay,,Not Voting,Yea,Nay,Nay,Nay,Nay,Not Voting,Not Voting,Not Voting,Not Voting,Yea,Yea,Yea,Nay,Yea,Yea,Not Voting,Not Voting,,Yea,Yea,Nay,Nay,Yea,Nay,Nay,Nay,Nay,Nay,Nay,Nay,Not Voting,Yea,Yea,Yea,Not Voting,Not Voting,Nay,Nay,Not Voting,Not Voting,Not Voting,Not Voting,Yea,Not Voting,Yea,1801-03-03,0,,unknown,,,,,unknown
Nay,Yea,Nay,Yea,Yea,Not Voting,Not Voting,,Yea,Nay,Nay,Yea,Nay,Nay,Not Voting,Not Voting,Not Voting,Yea,Yea,Yea,Yea,Nay,Nay,Yea,Nay,Yea,Yea,Nay,Not Voting,Yea,Yea,,Nay,Not Voting,Nay,Yea,Not Voting,Yea,Not Voting,,Not Voting,Nay,Yea,Yea,Nay,Yea,,Yea,Nay,Not Voting,Nay,Yea,Yea,Not Voting,Not Voting,Not Voting,Yea,Yea,Yea,Nay,Not Voting,Nay,Nay,,Nay,Nay,,Not Voting,Yea,Nay,Nay,Nay,Not Voting,Not Voting,Not Voting,Yea,Not Voting,Yea,Yea,Yea,Nay,Yea,Yea,Not Voting,Not Voting,,Yea,Yea,Nay,Nay,Yea,Nay,Nay,Nay,Not Voting,Nay,Nay,Not Voting,Not Voting,Yea,Yea,Yea,Not Voting,Not Voting,Nay,Nay,Not Voting,Nay,Not Voting,Not Voting,Yea,Not Voting,Yea,1801-03-03,0,,unknown,,,,,unknown
