A000174,A000307,B000084,B000388,B000546,B000563,B000661,B000669,B000929,B001086,C000012,C000187,C000538,C000624,C000710,F000178,F000224,F000297,G000012,G000139,G000183,G000215,G000286,G000466,G000500,H000299,H000348,H000570,H000916,H000995,J000017,L000120,L000200,L000246,L000364,M000043,M000234,M000891,M001063,M001066,P000018,P000065,P000092,S000150,S000186,S000222,S000242,S000257,S000349,S000412,S000448,S000624,S000633,S000832,S000961,S001047,S001073,T000141,T000389,T000403,V000053,V000104,W000013,W000352,W000551,W000783,date,isAmendment,requires,result,title,billTitle,committee,officialTitle,sponsor
Nay,Not Voting,Yea,Yea,Yea,Not Voting,Nay,Not Voting,Not Voting,Yea,Nay,Yea,Nay,Yea,Yea,Yea,Yea,Not Voting,Yea,Yea,,Yea,Yea,Yea,Yea,Not Voting,Yea,Yea,Not Voting,Yea,Yea,Nay,Yea,Yea,Yea,Yea,Not Voting,Yea,Not Voting,Yea,Yea,Yea,Yea,Not Voting,Yea,Not Voting,Yea,Not Voting,Nay,Yea,Nay,Yea,Yea,Not Voting,Not Voting,Yea,Not Voting,Nay,Yea,Yea,Yea,Yea,Yea,Yea,Not Voting,Yea,1789-05-16,0,,unknown,hr2,,,,unknown
Not Voting,Not Voting,Yea,Yea,Not Voting,Not Voting,Yea,Not Voting,Not Voting,Not Voting,Yea,Yea,Yea,Yea,Yea,Yea,Yea,Not Voting,Not Voting,Not Voting,,Yea,Yea,Not Voting,Nay,Not Voting,Not Voting,Yea,Not Voting,Yea,Not Voting,Yea,Yea,Yea,Yea,Yea,Not Voting,Yea,Not Voting,Yea,Yea,Not Voting,Not Voting,Yea,Yea,Not Voting,Yea,Not Voting,Not Voting,Yea,Yea,Yea,Not Voting,Not Voting,Not Voting,Yea,Not Voting,Yea,Yea,Yea,Yea,Yea,Not Voting,Yea,Not Voting,Yea,1789-05-22,0,,unknown,,,,,unknown
Yea,Not Voting,Yea,Yea,Not Voting,Not Voting,Not Voting,Not Voting,Yea,Yea,Nay,Yea,Yea,Nay,Yea,Yea,Not Voting,Not Voting,Not Voting,Nay,,Yea,Yea,Yea,Nay,Yea,Nay,Yea,Not Voting,Nay,Not Voting,Yea,Yea,Yea,Nay,Yea,Nay,Yea,Not Voting,Yea,Nay,Nay,Nay,Not Voting,Yea,Yea,Yea,Not Voting,Nay,Yea,Yea,Yea,Nay,Not Voting,Not Voting,Nay,Nay,Yea,Yea,Nay,Nay,Yea,Yea,Nay,Not Voting,Not Voting,1789-06-22,0,,unknown,hr8,,,,unknown
Yea,Not Voting,Yea,Yea,Not Voting,Not Voting,Nay,Not Voting,Yea,Yea,Nay,Nay,Yea,Yea,Nay,Nay,Not Voting,Not Voting,Not Voting,Yea,,Nay,Yea,Yea,Yea,Nay,Yea,Nay,Not Voting,Yea,Not Voting,Nay,Nay,Yea,Yea,Yea,Yea,Yea,Not Voting,Yea,Yea,Yea,Yea,Nay,Yea,Nay,Nay,Not Voting,Yea,Nay,Yea,Nay,Yea,Not Voting,Not Voting,Yea,Yea,Nay,Nay,Nay,Yea,Yea,Nay,Yea,Not Voting,Not Voting,1789-06-22,0,,unknown,hr8,,,,unknown
Yea,Not Voting,Not Voting,Yea,Not Voting,Not Voting,Yea,Not Voting,Yea,Yea,Yea,Yea,Yea,Nay,Yea,Yea,Not Voting,Not Voting,Not Voting,Nay,,Yea,Yea,Yea,Nay,Yea,Nay,Yea,Yea,Nay,Nay,Yea,Yea,Nay,Nay,Yea,Nay,Yea,Not Voting,Yea,Nay,Nay,Nay,Yea,Yea,Yea,Yea,Not Voting,Nay,Yea,Yea,Nay,Nay,Not Voting,Nay,Nay,Nay,Nay,Yea,Nay,Nay,Yea,Not Voting,Nay,Not Voting,Not Voting,1789-06-24,0,,unknown,hr8,,,,unknown
Yea,Not Voting,Yea,Yea,Not Voting,Not Voting,Nay,Not Voting,Nay,Yea,Yea,Nay,Nay,Nay,Nay,Yea,Not Voting,Not Voting,Not Voting,Yea,,Yea,Yea,Nay,Nay,Nay,Yea,Not Voting,Not Voting,Yea,Yea,Yea,Yea,Not Voting,Yea,Nay,Yea,Yea,Not Voting,Nay,Nay,Nay,Yea,Not Voting,Nay,Yea,Nay,Not Voting,Yea,Yea,Yea,Yea,Yea,Not Voting,Yea,Nay,Nay,Yea,Yea,Yea,Nay,Nay,Yea,Yea,Not Voting,Yea,1789-07-01,0,,unknown,hr5,,,,unknown
Nay,Not Voting,Yea,Yea,Not Voting,Not Voting,Nay,Not Voting,Yea,Yea,Nay,Yea,Yea,Not Voting,Not Voting,Yea,Nay,Not Voting,Yea,Nay,,Nay,Nay,Yea,Nay,Yea,Nay,Yea,Not Voting,Yea,Not Voting,Yea,Yea,Nay,Nay,Yea,Yea,Yea,Not Voting,Yea,Yea,Not Voting,Nay,Not Voting,Yea,Nay,Yea,Not Voting,Not Voting,Nay,Not Voting,Yea,Yea,Not Voting,Yea,Yea,Yea,Nay,Yea,Yea,Nay,Yea,Yea,Not Voting,Not Voting,Not Voting,1789-08-10,0,,unknown,hr19,,,,unknown
Nay,Not Voting,Yea,Yea,Not Voting,Not Voting,Nay,Not Voting,Yea,Yea,Yea,Nay,Yea,Yea,Not Voting,Yea,Nay,Not Voting,Yea,Nay,,Nay,Not Voting,Yea,Nay,Yea,Nay,Nay,Not Voting,Yea,Yea,Yea,Yea,Nay,Nay,Yea,Yea,Nay,Yea,Yea,Nay,Nay,Not Voting,Nay,Yea,Nay,Nay,Not Voting,Nay,Yea,Not Voting,Nay,Yea,Not Voting,Yea,Nay,Nay,Nay,Yea,Yea,Nay,Yea,Yea,Not Voting,Not Voting,Yea,1789-08-12,0,,unknown,hr20,,,,unknown
Nay,Not Voting,Nay,Nay,Not Voting,Not Voting,Nay,Not Voting,Nay,Yea,Nay,Nay,Nay,Yea,Not Voting,Nay,Yea,Nay,Not Voting,Yea,,Nay,Nay,Yea,Yea,Nay,Yea,Nay,Not Voting,Nay,Not Voting,Nay,Nay,Not Voting,Yea,Nay,Not Voting,Nay,Not Voting,Nay,Yea,Yea,Nay,Nay,Nay,Nay,Nay,Not Voting,Yea,Nay,Nay,Nay,Nay,Not Voting,Yea,Yea,Yea,Nay,Nay,Yea,Yea,Nay,Nay,Not Voting,Not Voting,Nay,1789-08-18,0,,unknown,,,,,unknown
Nay,Not Voting,Not Voting,Nay,Not Voting,Not Voting,Nay,Not Voting,Nay,Yea,Nay,Nay,Nay,Yea,Not Voting,Nay,Yea,Nay,Nay,Yea,,Nay,Nay,Not Voting,Yea,Nay,Yea,Nay,Not Voting,Not Voting,Yea,Nay,Nay,Not Voting,Yea,Nay,Not Voting,Nay,Not Voting,Nay,Yea,Yea,Yea,Nay,Nay,Nay,Nay,Not Voting,Nay,Nay,Nay,Nay,Yea,Not Voting,Yea,Nay,Yea,Yea,Nay,Yea,Yea,Nay,Nay,Not Voting,Not Voting,Nay,1789-08-21,0,,unknown,,,,,unknown
Nay,Not Voting,Not Voting,Nay,Not Voting,Not Voting,Nay,Not Voting,Nay,Yea,Nay,Nay,Nay,Yea,Not Voting,Nay,Yea,Nay,Nay,Yea,,Nay,Nay,Yea,Yea,Nay,Yea,Yea,Not Voting,Not Voting,Yea,Nay,Nay,Not Voting,Yea,Nay,Yea,Yea,Not Voting,Nay,Yea,Yea,Yea,Nay,Nay,Nay,Yea,Not Voting,Nay,Yea,Nay,Nay,Yea,Not Voting,Yea,Nay,Yea,Yea,Nay,Yea,Yea,Nay,Nay,Not Voting,Not Voting,Nay,1789-08-21,0,,unknown,,,,,unknown
Nay,Not Voting,Not Voting,Nay,Not Voting,Not Voting,Not Voting,Not Voting,Nay,Yea,Nay,Nay,Nay,Yea,Not Voting,Nay,Yea,Nay,Nay,Nay,,Nay,Nay,Not Voting,Yea,Nay,Yea,Nay,Not Voting,Not Voting,Nay,Nay,Nay,Not Voting,Yea,Nay,Nay,Nay,Not Voting,Nay,Nay,Nay,Nay,Nay,Nay,Nay,Nay,Not Voting,Nay,Nay,Nay,Nay,Nay,Not Voting,Nay,Nay,Yea,Nay,Nay,Yea,Yea,Nay,Nay,Not Voting,Not Voting,Not Voting,1789-08-22,0,,unknown,,,,,unknown
Yea,Not Voting,Yea,Yea,Not Voting,Not Voting,Yea,Not Voting,Yea,Not Voting,Yea,Not Voting,Not Voting,Nay,Not Voting,Not Voting,Nay,Nay,Yea,Nay,,Not Voting,Yea,Yea,Nay,Yea,Nay,Yea,Not Voting,Not Voting,Yea,Yea,Yea,Not Voting,Nay,Not Voting,Yea,Yea,Not Voting,Not Voting,Not Voting,Nay,Nay,Nay,Yea,Yea,Nay,Not Voting,Yea,Yea,Nay,Yea,Yea,Not Voting,Nay,Yea,Nay,Nay,Yea,Yea,Nay,Not Voting,Yea,Not Voting,Not Voting,Yea,1789-08-29,0,,unknown,hr21,,,,unknown
Nay,Not Voting,Yea,Nay,Yea,Not Voting,Nay,Not Voting,Yea,Yea,Nay,Yea,Nay,Yea,Yea,Nay,Nay,Nay,Yea,Nay,,Nay,Nay,Yea,Nay,Nay,Nay,Not Voting,Not Voting,Not Voting,Yea,Nay,Yea,Not Voting,Nay,Yea,Yea,Yea,Not Voting,Nay,Yea,Yea,Nay,Not Voting,Nay,Not Voting,Nay,Not Voting,Nay,Nay,Nay,Nay,Yea,Not Voting,Yea,Not Voting,Yea,Nay,Nay,Yea,Nay,Yea,Nay,Not Voting,Not Voting,Nay,1789-09-07,0,,unknown,,,,,unknown
Nay,Not Voting,Yea,Nay,Yea,Not Voting,Yea,Not Voting,Nay,Yea,Yea,Nay,Nay,Yea,Yea,Nay,Nay,Nay,Nay,Nay,,Nay,Nay,Yea,Nay,Nay,Nay,Nay,Not Voting,Not Voting,Yea,Nay,Yea,Not Voting,Nay,Yea,Yea,Yea,Not Voting,Nay,Yea,Yea,Nay,Not Voting,Nay,Not Voting,Nay,Not Voting,Nay,Nay,Yea,Nay,Yea,Not Voting,Nay,Not Voting,Yea,Nay,Nay,Nay,Nay,Yea,Nay,Not Voting,Not Voting,Nay,1789-09-07,0,,unknown,,,,,unknown
Nay,Not Voting,Yea,Nay,Yea,Not Voting,Yea,Not Voting,Yea,Yea,Yea,Yea,Nay,Yea,Yea,Nay,Nay,Nay,Nay,Nay,,Nay,Nay,Yea,Nay,Nay,Nay,Nay,Not Voting,Not Voting,Yea,Nay,Yea,Not Voting,Nay,Yea,Yea,Yea,Not Voting,Nay,Yea,Yea,Nay,Not Voting,Nay,Not Voting,Nay,Not Voting,Nay,Nay,Yea,Nay,Yea,Not Voting,Yea,Not Voting,Yea,Nay,Nay,Yea,Nay,Yea,Nay,Not Voting,Not Voting,Nay,1789-09-07,0,,unknown,,,,,unknown
Nay,Not Voting,Nay,Nay,Nay,Not Voting,Yea,Not Voting,Nay,Nay,Yea,Nay,Nay,Nay,Nay,Nay,Nay,Nay,Nay,Yea,,Nay,Nay,Nay,Nay,Nay,Nay,Nay,Not Voting,Not Voting,Nay,Nay,Nay,Not Voting,Nay,Nay,Nay,Nay,Not Voting,Nay,Nay,Nay,Nay,Not Voting,Nay,Not Voting,Nay,Not Voting,Nay,Nay,Yea,Nay,Nay,Not Voting,Nay,Not Voting,Nay,Nay,Nay,Nay,Nay,Not Voting,Nay,Not Voting,Not Voting,Nay,1789-09-07,0,,unknown,,,,,unknown
Nay,Not Voting,Yea,Nay,Yea,Not Voting,Yea,Not Voting,Yea,Yea,Yea,Yea,Nay,Yea,Yea,Nay,Nay,Nay,Yea,Nay,,Nay,Nay,Yea,Nay,Nay,Nay,Nay,Not Voting,Not Voting,Yea,Nay,Yea,Not Voting,Nay,Yea,Yea,Yea,Not Voting,Nay,Yea,Yea,Nay,Not Voting,Nay,Not Voting,Yea,Not Voting,Nay,Nay,Yea,Yea,Yea,Not Voting,Yea,Not Voting,Yea,Nay,Nay,Yea,Nay,Yea,Nay,Not Voting,Not Voting,Nay,1789-09-07,0,,unknown,,,,,unknown
Nay,Not Voting,Yea,Nay,Yea,Not Voting,Yea,Not Voting,Yea,Yea,Yea,Yea,Nay,Yea,Yea,Nay,Nay,Nay,Yea,Nay,,Nay,Nay,Yea,Nay,Nay,Nay,Nay,Not Voting,Not Voting,Yea,Nay,Yea,Not Voting,Nay,Yea,Yea,Yea,Not Voting,Nay,Yea,Yea,Nay,Not Voting,Nay,Not Voting,Nay,Not Voting,Nay,Nay,Yea,Yea,Yea,Not Voting,Yea,Not Voting,Yea,Nay,Nay,Yea,Nay,Yea,Nay,Not Voting,Not Voting,Nay,1789-09-07,0,,unknown,,,,,unknown
Nay,Not Voting,Yea,Nay,Yea,Not Voting,Yea,Not Voting,Yea,Yea,Yea,Yea,Nay,Yea,Yea,Nay,Nay,Nay,Yea,Nay,,Nay,Nay,Yea,Nay,Nay,Nay,Nay,Not Voting,Not Voting,Yea,Nay,Yea,Not Voting,Nay,Yea,Yea,Yea,Not Voting,Nay,Yea,Yea,Nay,Not Voting,Nay,Not Voting,Nay,Not Voting,Nay,Nay,Yea,Nay,Nay,Not Voting,Nay,Not Voting,Yea,Nay,Nay,Nay,Nay,Yea,Nay,Not Voting,Not Voting,Nay,1789-09-07,0,,unknown,,,,,unknown
Nay,Not Voting,Yea,Nay,Nay,Not Voting,Yea,Not Voting,Yea,Yea,Yea,Yea,Nay,Yea,Yea,Nay,Nay,Nay,Yea,Nay,,Nay,Nay,Yea,Nay,Nay,Nay,Yea,Not Voting,Not Voting,Yea,Nay,Yea,Not Voting,Nay,Yea,Yea,Yea,Not Voting,Nay,Yea,Yea,Nay,Not Voting,Nay,Not Voting,Nay,Not Voting,Nay,Nay,Yea,Nay,Nay,Not Voting,Yea,Not Voting,Yea,Nay,Nay,Nay,Nay,Yea,Nay,Not Voting,Not Voting,Nay,1789-09-07,0,,unknown,,,,,unknown
Nay,Not Voting,Yea,Nay,Not Voting,Not Voting,Yea,Not Voting,Yea,Yea,Yea,Yea,Nay,Yea,Yea,Nay,Nay,Nay,Yea,Nay,,Nay,Nay,Not Voting,Nay,Nay,Nay,Nay,Not Voting,Not Voting,Yea,Nay,Yea,Not Voting,Nay,Yea,Yea,Yea,Not Voting,Nay,Yea,Yea,Nay,Not Voting,Nay,Not Voting,Yea,Not Voting,Nay,Nay,Yea,Yea,Yea,Not Voting,Yea,Not Voting,Yea,Nay,Nay,Yea,Nay,Yea,Nay,Not Voting,Not Voting,Nay,1789-09-07,0,,unknown,,,,,unknown
Yea,Not Voting,Nay,Yea,Not Voting,Not Voting,Nay,Not Voting,Nay,Nay,Nay,Nay,Yea,Nay,Nay,Yea,Yea,Yea,Yea,Nay,,Yea,Yea,Not Voting,Yea,Yea,Yea,Yea,Not Voting,Not Voting,Nay,Yea,Nay,Not Voting,Yea,Nay,Nay,Nay,Not Voting,Yea,Nay,Nay,Yea,Not Voting,Yea,Not Voting,Yea,Not Voting,Yea,Yea,Nay,Yea,Nay,Not Voting,Yea,Not Voting,Nay,Yea,Yea,Nay,Yea,Nay,Yea,Not Voting,Not Voting,Yea,1789-09-07,0,,unknown,,,,,unknown
Yea,Not Voting,Yea,Yea,Nay,Not Voting,Nay,Not Voting,Yea,Nay,Yea,Nay,Yea,Nay,Nay,Yea,Nay,Nay,Yea,Yea,,Nay,Nay,Yea,Nay,Yea,Nay,Nay,Not Voting,Yea,Nay,Yea,Yea,Not Voting,Yea,Yea,Nay,Yea,Not Voting,Yea,Nay,Nay,Nay,Nay,Yea,Not Voting,Nay,Not Voting,Yea,Nay,Nay,Nay,Yea,Not Voting,Nay,Not Voting,Nay,Nay,Yea,Nay,Nay,Yea,Not Voting,Nay,Not Voting,Yea,1789-09-10,0,,unknown,hr19,,,,unknown
Yea,Not Voting,Yea,Yea,Nay,Not Voting,Yea,Not Voting,Yea,Yea,Yea,Yea,Yea,Nay,Nay,Yea,Nay,Nay,Yea,Yea,,Nay,Nay,Yea,Nay,Yea,Nay,Nay,Not Voting,Yea,Nay,Yea,Yea,Not Voting,Yea,Yea,Nay,Yea,Not Voting,Yea,Yea,Nay,Nay,Nay,Yea,Not Voting,Nay,Not Voting,Yea,Nay,Nay,Nay,Yea,Not Voting,Nay,Not Voting,Nay,Nay,Yea,Nay,Nay,Yea,Yea,Nay,Not Voting,Yea,1789-09-11,0,,unknown,hr19,,,,unknown
Yea,Not Voting,Yea,Yea,Nay,Not Voting,Yea,Not Voting,Yea,Yea,Yea,Yea,Yea,Nay,Nay,Yea,Nay,Nay,Yea,Yea,,Nay,Nay,Yea,Nay,Yea,Nay,Nay,Not Voting,Yea,Nay,Yea,Yea,Not Voting,Yea,Yea,Nay,Yea,Not Voting,Yea,Nay,Nay,Nay,Nay,Yea,Not Voting,Nay,Not Voting,Yea,Nay,Nay,Nay,Yea,Not Voting,Nay,Not Voting,Nay,Nay,Yea,Nay,Nay,Yea,Yea,Nay,Not Voting,Yea,1789-09-11,0,,unknown,hr19,,,,unknown
Not Voting,Not Voting,Nay,Yea,Nay,Not Voting,Not Voting,Not Voting,Nay,Not Voting,Nay,Nay,Not Voting,Not Voting,Nay,Nay,Yea,Nay,Nay,Yea,,Nay,Yea,Nay,Not Voting,Yea,Nay,Yea,Not Voting,Not Voting,Not Voting,Yea,Nay,Not Voting,Yea,Nay,Nay,Yea,Not Voting,Yea,Nay,Yea,Not Voting,Nay,Yea,Not Voting,Yea,Not Voting,Nay,Yea,Nay,Yea,Yea,Not Voting,Nay,Not Voting,Nay,Yea,Yea,Not Voting,Nay,Yea,Not Voting,Nay,Not Voting,Yea,1789-09-15,0,,unknown,s1,,,,unknown
Yea,Not Voting,Yea,Yea,Nay,Not Voting,Nay,Not Voting,Not Voting,Nay,Nay,Nay,Yea,Nay,Yea,Yea,Yea,Yea,Yea,Not Voting,,Yea,Yea,Not Voting,Yea,Yea,Yea,Not Voting,Not Voting,Not Voting,Yea,Yea,Nay,Yea,Yea,Nay,Nay,Nay,Not Voting,Yea,Not Voting,Nay,Yea,Nay,Yea,Not Voting,Yea,Not Voting,Yea,Yea,Not Voting,Yea,Nay,Not Voting,Yea,Not Voting,Nay,Yea,Yea,Nay,Yea,Nay,Yea,Nay,Not Voting,Yea,1789-09-22,0,,unknown,hr25,,,,unknown
Yea,Not Voting,Yea,Yea,Nay,Not Voting,Yea,Not Voting,Yea,Nay,Yea,Yea,Yea,Nay,Yea,Yea,Nay,Yea,Yea,Nay,,Yea,Yea,Yea,Nay,Yea,Nay,Not Voting,Not Voting,Not Voting,Nay,Not Voting,Yea,Yea,Nay,Yea,Nay,Yea,Not Voting,Yea,Nay,Yea,Yea,Yea,Yea,Not Voting,Yea,Not Voting,Yea,Yea,Yea,Yea,Yea,Not Voting,Yea,Not Voting,Nay,Yea,Yea,Nay,Nay,Yea,Not Voting,Yea,Not Voting,Yea,1789-09-24,0,,unknown,,,,,unknown
Nay,Not Voting,Nay,Nay,Yea,Not Voting,Not Voting,Not Voting,Not Voting,Yea,Not Voting,Not Voting,Nay,Yea,Yea,Nay,Yea,Nay,Nay,Yea,,Nay,Nay,Yea,Yea,Yea,Yea,Yea,Not Voting,Not Voting,Yea,Nay,Yea,Nay,Yea,Yea,Yea,Yea,Not Voting,Yea,Not Voting,Yea,Nay,Not Voting,Yea,Not Voting,Yea,Not Voting,Nay,Nay,Nay,Not Voting,Not Voting,Not Voting,Yea,Not Voting,Yea,Nay,Not Voting,Yea,Not Voting,Nay,Not Voting,Yea,Not Voting,Nay,1789-09-24,0,,unknown,s4,,,,unknown
Nay,Not Voting,Not Voting,Nay,Yea,Not Voting,Yea,Not Voting,Yea,Yea,Nay,Yea,Nay,Yea,Yea,Nay,Yea,Nay,Nay,Yea,,Nay,Nay,Not Voting,Yea,Yea,Yea,Yea,Not Voting,Not Voting,Yea,Nay,Yea,Nay,Yea,Yea,Yea,Yea,Not Voting,Yea,Yea,Yea,Nay,Nay,Nay,Not Voting,Yea,Not Voting,Nay,Nay,Nay,Not Voting,Not Voting,Not Voting,Yea,Not Voting,Yea,Nay,Nay,Yea,Yea,Nay,Nay,Yea,Not Voting,Nay,1789-09-25,0,,unknown,s4,,,,unknown
Nay,Not Voting,Yea,Nay,Yea,Not Voting,Nay,Not Voting,Yea,Yea,Nay,Yea,Nay,Yea,Yea,Nay,Nay,Nay,Yea,Yea,,Nay,Nay,Yea,Nay,Nay,Nay,Nay,Not Voting,Not Voting,Yea,Nay,Yea,Nay,Nay,Yea,Yea,Yea,Not Voting,Nay,Yea,Yea,Nay,Yea,Nay,Not Voting,Yea,Not Voting,Nay,Nay,Nay,Yea,Yea,Not Voting,Yea,Not Voting,Yea,Nay,Nay,Yea,Nay,Nay,Nay,Yea,Not Voting,Nay,1789-09-26,0,,unknown,hr25,,,,unknown
Yea,Not Voting,Nay,Yea,Nay,Not Voting,Nay,Not Voting,Nay,Nay,Yea,Nay,Yea,Nay,Nay,Yea,Yea,Yea,Nay,Yea,,Yea,Yea,Nay,Yea,Yea,Yea,Yea,Not Voting,Yea,Nay,Yea,Nay,Yea,Yea,Nay,Nay,Nay,Not Voting,Yea,Nay,Nay,Yea,Yea,Yea,Not Voting,Nay,Not Voting,Yea,Yea,Yea,Nay,Nay,Not Voting,Nay,Not Voting,Nay,Yea,Yea,Nay,Yea,Yea,Yea,Nay,Not Voting,Yea,1789-09-28,0,,unknown,hr25,,,,unknown
Yea,Not Voting,Yea,Yea,Nay,Not Voting,Nay,Not Voting,Nay,Nay,Yea,Yea,Yea,Nay,Nay,Yea,Nay,Yea,Yea,Nay,,Yea,Yea,Nay,Nay,Yea,Not Voting,Nay,Not Voting,Not Voting,Nay,Yea,Yea,Yea,Nay,Nay,Nay,Nay,Yea,Nay,Nay,Nay,Not Voting,Yea,Yea,Not Voting,Nay,Not Voting,Yea,Yea,Yea,Yea,Nay,Not Voting,Nay,Not Voting,Nay,Yea,Yea,Nay,Not Voting,Not Voting,Yea,Nay,Not Voting,Not Voting,1789-09-28,0,,unknown,s4,,,,unknown
Not Voting,Not Voting,Nay,Yea,Nay,Not Voting,Nay,Not Voting,Not Voting,Nay,Nay,Yea,Yea,Nay,Nay,Nay,Nay,Yea,Not Voting,Nay,,Yea,Not Voting,Not Voting,Not Voting,Not Voting,Not Voting,Nay,Not Voting,Not Voting,Nay,Yea,Yea,Nay,Nay,Yea,Nay,Nay,Not Voting,Nay,Not Voting,Not Voting,Yea,Nay,Nay,Not Voting,Nay,Not Voting,Yea,Yea,Nay,Yea,Not Voting,Not Voting,Yea,Not Voting,Nay,Yea,Yea,Nay,Nay,Not Voting,Yea,Not Voting,Not Voting,Nay,1789-09-28,0,,unknown,hr27,,,,unknown
Yea,Not Voting,Nay,Yea,Nay,Not Voting,Yea,Not Voting,Yea,Nay,Yea,Not Voting,Yea,Nay,Not Voting,Yea,Yea,Yea,Yea,Yea,,Yea,Yea,Yea,Yea,Yea,Yea,Yea,Nay,Yea,Nay,Yea,Yea,Yea,Yea,Yea,Nay,Yea,Not Voting,Yea,Yea,Yea,Yea,Yea,Yea,Yea,Yea,Not Voting,Yea,Nay,Yea,Yea,Nay,Not Voting,Nay,Yea,Not Voting,Yea,Yea,Nay,Yea,Not Voting,Yea,Yea,Not Voting,Yea,1790-02-12,0,,unknown,,,,,unknown
Nay,Not Voting,Nay,Nay,Nay,Not Voting,Yea,Not Voting,Yea,Nay,Yea,Nay,Not Voting,Nay,Yea,Not Voting,Yea,Yea,Nay,Yea,,Yea,Yea,Yea,Nay,Yea,Yea,Yea,Not Voting,Yea,Nay,Yea,Yea,Yea,Nay,Yea,Nay,Nay,Not Voting,Yea,Nay,Yea,Yea,Yea,Yea,Yea,Not Voting,Not Voting,Yea,Yea,Yea,Nay,Nay,Not Voting,Nay,Nay,Nay,Nay,Nay,Nay,Nay,Yea,Not Voting,Nay,Nay,Yea,1790-03-23,0,,unknown,,,,,unknown
Nay,Yea,Yea,Nay,Nay,Nay,Nay,Not Voting,Yea,Nay,Not Voting,Yea,Yea,Yea,Yea,Yea,Yea,Nay,Yea,Nay,,Nay,Nay,Yea,Nay,Yea,Yea,Yea,Not Voting,Nay,Yea,Yea,Yea,Nay,Nay,Yea,Yea,Yea,Not Voting,Yea,Yea,Yea,Nay,Not Voting,Yea,Not Voting,Yea,Not Voting,Nay,Nay,Yea,Yea,Nay,Not Voting,Not Voting,Nay,Yea,Nay,Nay,Yea,Yea,Nay,Nay,Yea,Yea,Yea,1790-04-15,0,,unknown,,,,,unknown
Nay,Yea,Yea,Not Voting,Nay,Yea,Nay,Not Voting,Yea,Nay,Not Voting,Yea,Yea,Yea,Yea,Yea,Yea,Nay,Not Voting,Nay,,Yea,Nay,Yea,Nay,Not Voting,Not Voting,Not Voting,Nay,Not Voting,Yea,Not Voting,Yea,Not Voting,Nay,Yea,Yea,Yea,Not Voting,Yea,Yea,Yea,Not Voting,Yea,Yea,Not Voting,Yea,Not Voting,Nay,Nay,Yea,Yea,Nay,Yea,Yea,Nay,Yea,Nay,Not Voting,Nay,Yea,Nay,Nay,Yea,Yea,Yea,1790-04-26,0,,unknown,,,,,unknown
Nay,Yea,Yea,Nay,Nay,Yea,Yea,Not Voting,Yea,Nay,Nay,Nay,Nay,Not Voting,Yea,Nay,Yea,Yea,Nay,Not Voting,,Yea,Yea,Nay,Yea,Not Voting,Not Voting,Nay,Nay,Nay,Not Voting,Nay,Nay,Not Voting,Yea,Nay,Not Voting,Yea,Not Voting,Yea,Nay,Not Voting,Not Voting,Yea,Nay,Not Voting,Yea,Not Voting,Yea,Yea,Yea,Yea,Nay,Yea,Yea,Yea,Not Voting,Yea,Not Voting,Yea,Yea,Nay,Not Voting,Yea,Yea,Nay,1790-05-07,0,,unknown,hr60,,,,unknown
Yea,Nay,Nay,Yea,Yea,Nay,Nay,Not Voting,Nay,Not Voting,Yea,Yea,Not Voting,Yea,Nay,Yea,Nay,Nay,Yea,Yea,,Nay,Nay,Nay,Nay,Yea,Nay,Yea,Yea,Yea,Not Voting,Yea,Yea,Not Voting,Nay,Yea,Nay,Nay,Not Voting,Yea,Yea,Nay,Nay,Nay,Yea,Not Voting,Nay,Not Voting,Nay,Nay,Nay,Nay,Yea,Nay,Nay,Nay,Not Voting,Not Voting,Yea,Yea,Nay,Yea,Yea,Nay,Nay,Yea,1790-05-10,0,,unknown,hr60,,,,unknown
Yea,Nay,Nay,Yea,Yea,Nay,Yea,Not Voting,Nay,Not Voting,Yea,Yea,Not Voting,Yea,Yea,Yea,Nay,Nay,Yea,Yea,,Nay,Nay,Yea,Nay,Yea,Nay,Yea,Yea,Yea,Not Voting,Yea,Yea,Not Voting,Yea,Yea,Nay,Yea,Not Voting,Yea,Yea,Yea,Nay,Nay,Yea,Not Voting,Nay,Not Voting,Yea,Nay,Nay,Yea,Yea,Nay,Nay,Nay,Not Voting,Not Voting,Yea,Yea,Nay,Yea,Yea,Yea,Nay,Yea,1790-05-10,0,,unknown,hr60,,,,unknown
Yea,Nay,Nay,Yea,Not Voting,Nay,Yea,Not Voting,Not Voting,Yea,Yea,Nay,Not Voting,Nay,Nay,Yea,Yea,Yea,Yea,Yea,,Yea,Yea,Yea,Yea,Nay,Yea,Nay,Yea,Yea,Nay,Nay,Nay,Yea,Yea,Nay,Nay,Nay,Not Voting,Nay,Nay,Not Voting,Yea,Yea,Nay,Yea,Nay,Not Voting,Yea,Yea,Nay,Yea,Nay,Nay,Nay,Yea,Yea,Yea,Nay,Yea,Yea,Not Voting,Not Voting,Nay,Nay,Yea,1790-05-26,0,,unknown,hr63,,,,unknown
Yea,Nay,Nay,Nay,Not Voting,Nay,Nay,Not Voting,Not Voting,Nay,Nay,Nay,Not Voting,Nay,Nay,Nay,Nay,Yea,Nay,Yea,,Yea,Yea,Nay,Yea,Nay,Yea,Nay,Yea,Nay,Nay,Nay,Nay,Yea,Yea,Nay,Nay,Nay,Not Voting,Nay,Nay,Nay,Yea,Nay,Nay,Yea,Nay,Not Voting,Nay,Nay,Nay,Nay,Nay,Nay,Nay,Nay,Yea,Yea,Nay,Yea,Nay,Not Voting,Not Voting,Nay,Nay,Nay,1790-05-26,0,,unknown,hr63,,,,unknown
Yea,Not Voting,Nay,Yea,Not Voting,Nay,Nay,Not Voting,Nay,Nay,Yea,Nay,Not Voting,Nay,Nay,Nay,Nay,Nay,Yea,Nay,,Nay,Yea,Yea,Nay,Yea,Nay,Yea,Nay,Yea,Nay,Yea,Yea,Nay,Nay,Nay,Nay,Nay,Not Voting,Nay,Nay,Yea,Yea,Nay,Nay,Nay,Nay,Not Voting,Nay,Nay,Nay,Not Voting,Yea,Nay,Yea,Not Voting,Nay,Nay,Yea,Nay,Nay,Yea,Not Voting,Nay,Nay,Yea,1790-05-27,0,,unknown,hr35,,,,unknown
Yea,Nay,Nay,Yea,Not Voting,Nay,Yea,Not Voting,Nay,Yea,Yea,Yea,Yea,Yea,Yea,Yea,Yea,Nay,Yea,Yea,,Nay,Nay,Nay,Nay,Yea,Nay,Yea,Yea,Yea,Nay,Yea,Yea,Nay,Yea,Not Voting,Nay,Yea,Not Voting,Yea,Yea,Yea,Nay,Nay,Yea,Nay,Not Voting,Not Voting,Nay,Yea,Not Voting,Not Voting,Yea,Nay,Nay,Nay,Nay,Nay,Yea,Yea,Nay,Yea,Not Voting,Yea,Nay,Yea,1790-05-28,0,,unknown,hr60,,,,unknown
Yea,Nay,Nay,Yea,Not Voting,Nay,Not Voting,Not Voting,Not Voting,Nay,Yea,Not Voting,Yea,Nay,Nay,Nay,Nay,Nay,Not Voting,Nay,,Nay,Yea,Yea,Nay,Nay,Nay,Not Voting,Nay,Yea,Nay,Yea,Yea,Nay,Nay,Nay,Nay,Nay,Not Voting,Not Voting,Nay,Yea,Yea,Nay,Nay,Not Voting,Nay,Not Voting,Nay,Nay,Nay,Nay,Yea,Nay,Yea,Nay,Nay,Nay,Yea,Nay,Nay,Yea,Not Voting,Nay,Nay,Yea,1790-05-28,0,,unknown,hr35,,,,unknown
Nay,Yea,Yea,Nay,Not Voting,Nay,Nay,Not Voting,Yea,Nay,Yea,Yea,Yea,Yea,Yea,Yea,Nay,Nay,Yea,Nay,,Yea,Nay,Yea,Nay,Yea,Not Voting,Yea,Nay,Nay,Yea,Nay,Yea,Nay,Nay,Yea,Yea,Yea,Not Voting,Yea,Yea,Yea,Nay,Nay,Yea,Nay,Yea,Not Voting,Nay,Nay,Yea,Nay,Nay,Yea,Yea,Nay,Yea,Nay,Nay,Nay,Nay,Yea,Not Voting,Yea,Yea,Yea,1790-05-31,0,,unknown,,,,,unknown
Nay,Nay,Nay,Yea,Not Voting,Nay,Yea,Not Voting,Nay,Yea,Nay,Not Voting,Nay,Yea,Nay,Nay,Yea,Yea,Nay,Yea,,Nay,Yea,Nay,Nay,Nay,Yea,Nay,Not Voting,Yea,Nay,Yea,Yea,Yea,Yea,Yea,Nay,Nay,Not Voting,Nay,Nay,Nay,Yea,Yea,Nay,Yea,Yea,Not Voting,Yea,Yea,Nay,Yea,Yea,Nay,Yea,Yea,Nay,Yea,Yea,Yea,Yea,Nay,Not Voting,Nay,Nay,Nay,1790-05-31,0,,unknown,,,,,unknown
Yea,Nay,Nay,Yea,Not Voting,Yea,Yea,Not Voting,Nay,Yea,Nay,Nay,Nay,Nay,Nay,Nay,Yea,Yea,Nay,Yea,,Nay,Nay,Nay,Yea,Nay,Yea,Nay,Yea,Yea,Nay,Yea,Nay,Nay,Yea,Nay,Nay,Nay,Not Voting,Nay,Nay,Nay,Yea,Yea,Nay,Yea,Nay,Not Voting,Yea,Yea,Nay,Nay,Yea,Nay,Nay,Yea,Nay,Yea,Yea,Yea,Yea,Nay,Not Voting,Nay,Nay,Nay,1790-05-31,0,,unknown,,,,,unknown
Nay,Nay,Nay,Yea,Not Voting,Yea,Nay,Not Voting,Nay,Yea,Nay,Nay,Nay,Nay,Nay,Nay,Yea,Nay,Nay,Yea,,Nay,Nay,Nay,Yea,Nay,Yea,Nay,Yea,Nay,Yea,Yea,Nay,Nay,Nay,Nay,Nay,Nay,Not Voting,Nay,Nay,Nay,Yea,Nay,Nay,Nay,Yea,Not Voting,Nay,Yea,Nay,Yea,Yea,Nay,Yea,Yea,Yea,Yea,Yea,Yea,Yea,Nay,Not Voting,Nay,Nay,Nay,1790-05-31,0,,unknown,,,,,unknown
Nay,Yea,Yea,Nay,Not Voting,Nay,Yea,Not Voting,Yea,Nay,Yea,Yea,Yea,Yea,Yea,Yea,Nay,Nay,Yea,Nay,,Yea,Yea,Yea,Nay,Yea,Nay,Yea,Nay,Nay,Yea,Nay,Yea,Yea,Nay,Yea,Yea,Yea,Not Voting,Yea,Yea,Yea,Yea,Nay,Yea,Nay,Yea,Not Voting,Nay,Nay,Yea,Yea,Nay,Yea,Yea,Nay,Yea,Yea,Nay,Nay,Nay,Yea,Not Voting,Yea,Yea,Yea,1790-05-31,0,,unknown,,,,,unknown
Nay,Yea,Yea,Nay,Not Voting,Nay,Nay,Not Voting,Yea,Nay,Yea,Yea,Yea,Yea,Yea,Yea,Nay,Nay,Yea,Nay,Not Voting,Yea,Nay,Yea,Nay,Yea,Nay,Yea,Nay,Nay,Nay,Nay,Yea,Nay,Nay,Yea,Yea,Yea,Not Voting,Yea,Yea,Yea,Nay,Nay,Yea,Nay,Yea,Not Voting,Nay,Nay,Yea,Yea,Nay,Yea,Yea,Nay,Yea,Nay,Nay,Nay,Nay,Yea,Nay,Yea,Yea,Yea,1790-06-10,0,,unknown,,,,,unknown
Yea,Nay,Nay,Yea,,Nay,Yea,Not Voting,Nay,Yea,Nay,Nay,Nay,Nay,Nay,Nay,Yea,Yea,Nay,Yea,Not Voting,Nay,Yea,Nay,Yea,Nay,Yea,Nay,Yea,Yea,Nay,Yea,Nay,Yea,Yea,Nay,Nay,Nay,Not Voting,Nay,Nay,Nay,Yea,Yea,Nay,Yea,Nay,Not Voting,Yea,Yea,Nay,Yea,Yea,Nay,Nay,Yea,Nay,Yea,Yea,Yea,Yea,Nay,Yea,Nay,Nay,Nay,1790-06-10,0,,unknown,,,,,unknown
Yea,Nay,Nay,Yea,,Nay,Yea,Not Voting,Nay,Yea,Nay,Nay,Nay,Nay,Nay,Nay,Yea,Yea,Nay,Yea,Not Voting,Nay,Yea,Nay,Nay,Nay,Yea,Nay,Yea,Yea,Yea,Yea,Not Voting,Yea,Yea,Nay,Nay,Nay,Not Voting,Nay,Nay,Nay,Not Voting,Yea,Nay,Yea,Nay,Not Voting,Yea,Yea,Nay,Yea,Yea,Nay,Nay,Yea,Not Voting,Yea,Yea,Not Voting,Yea,Nay,Yea,Nay,Nay,Nay,1790-06-11,0,,unknown,hr62,,,,unknown
Yea,Nay,Nay,Yea,,Yea,Not Voting,Not Voting,Nay,Yea,Nay,Nay,Nay,Nay,Nay,Nay,Yea,Yea,Nay,Yea,Not Voting,Nay,Yea,Nay,Yea,Nay,Yea,Nay,Yea,Yea,Yea,Yea,Nay,Yea,Yea,Nay,Nay,Nay,Not Voting,Nay,Nay,Nay,Yea,Not Voting,Nay,Yea,Yea,Not Voting,Yea,Yea,Nay,Yea,Yea,Nay,Yea,Yea,Yea,Yea,Yea,Yea,Yea,Nay,Yea,Nay,Nay,Nay,1790-06-11,0,,unknown,,,,,unknown
Yea,Yea,Yea,Yea,,Yea,Not Voting,Not Voting,Yea,Yea,Yea,Yea,Yea,Yea,Yea,Nay,Yea,Yea,Yea,Yea,Not Voting,Nay,Yea,Yea,Yea,Yea,Yea,Yea,Yea,Yea,Yea,Yea,Not Voting,Yea,Yea,Yea,Yea,Yea,Not Voting,Yea,Yea,Yea,Yea,Nay,Yea,Yea,Yea,Not Voting,Yea,Yea,Yea,Yea,Yea,Yea,Yea,Yea,Yea,Yea,Yea,Nay,Yea,Yea,Yea,Yea,Nay,Nay,1790-06-11,0,,unknown,,,,,unknown
Nay,Yea,Yea,Not Voting,,Nay,Nay,Not Voting,Yea,Nay,Yea,Not Voting,Yea,Nay,Yea,Yea,Yea,Yea,Yea,Nay,Not Voting,Yea,Nay,Yea,Nay,Yea,Not Voting,Yea,Nay,Not Voting,Yea,Nay,Not Voting,Nay,Yea,Yea,Yea,Yea,Not Voting,Not Voting,Nay,Nay,Nay,Yea,Not Voting,Nay,Yea,Not Voting,Yea,Nay,Yea,Yea,Nay,Nay,Yea,Nay,Yea,Nay,Nay,Nay,Nay,Yea,Nay,Yea,Yea,Yea,1790-06-14,0,,unknown,hr62,,,,unknown
Nay,Nay,Nay,Nay,,Nay,Nay,Not Voting,Nay,Yea,Nay,Nay,Not Voting,Yea,Nay,Nay,Nay,Nay,Nay,Yea,Not Voting,Nay,Yea,Yea,Yea,Nay,Nay,Yea,Yea,Nay,Nay,Nay,Not Voting,Nay,Nay,Not Voting,Nay,Yea,Not Voting,Yea,Yea,Yea,Not Voting,Not Voting,Nay,Yea,Nay,Nay,Nay,Nay,Nay,Not Voting,Yea,Yea,Nay,Not Voting,Yea,Yea,Nay,Yea,Nay,Not Voting,Nay,Yea,Nay,Nay,1790-06-18,0,,unknown,hr62,,,,unknown
Nay,Nay,Nay,Nay,,Nay,Not Voting,Not Voting,Yea,Nay,Yea,Yea,Not Voting,Nay,Yea,Yea,Yea,Yea,Yea,Nay,Not Voting,Yea,Nay,Yea,Nay,Yea,Nay,Yea,Nay,Nay,Nay,Nay,Yea,Nay,Yea,Yea,Nay,Nay,Not Voting,Yea,Nay,Nay,Nay,Not Voting,Nay,Nay,Yea,Nay,Yea,Nay,Yea,Yea,Nay,Nay,Nay,Nay,Nay,Nay,Nay,Nay,Nay,Yea,Nay,Yea,Yea,Not Voting,1790-06-21,0,,unknown,hr62,,,,unknown
Nay,Yea,Yea,Nay,,Nay,Nay,Not Voting,Nay,Nay,Nay,Nay,Not Voting,Nay,Nay,Nay,Yea,Yea,Nay,Not Voting,Not Voting,Yea,Nay,Nay,Nay,Not Voting,Yea,Nay,Nay,Nay,Yea,Yea,Not Voting,Nay,Yea,Nay,Not Voting,Nay,Not Voting,Nay,Nay,Not Voting,Nay,Nay,Nay,Yea,Nay,Nay,Nay,Nay,Nay,Nay,Nay,Nay,Nay,Nay,Nay,Nay,Nay,Nay,Nay,Nay,Nay,Nay,Nay,Not Voting,1790-06-21,0,,unknown,hr69,,,,unknown
Nay,Yea,Nay,Nay,,Yea,Nay,Not Voting,Nay,Not Voting,Nay,Not Voting,Not Voting,Yea,Nay,Nay,Yea,Yea,Nay,Yea,Not Voting,Nay,Yea,Nay,Not Voting,Nay,Yea,Yea,Yea,Yea,Yea,Nay,Nay,Yea,Yea,Nay,Nay,Nay,Not Voting,Nay,Nay,Yea,Not Voting,Yea,Nay,Yea,Yea,Yea,Yea,Yea,Nay,Nay,Nay,Nay,Yea,Yea,Yea,Not Voting,Nay,Yea,Yea,Not Voting,Nay,Nay,Not Voting,Not Voting,1790-06-22,0,,unknown,hr65,,,,unknown
Yea,Nay,Nay,Yea,,Nay,Yea,Not Voting,Nay,Nay,Nay,Nay,Nay,Nay,Nay,Nay,Yea,Yea,Nay,Yea,Not Voting,Nay,Yea,Nay,Yea,Nay,Yea,Nay,Not Voting,Yea,Nay,Yea,Nay,Yea,Yea,Nay,Nay,Nay,Not Voting,Nay,Nay,Nay,Yea,Yea,Nay,Yea,Nay,Nay,Yea,Yea,Nay,Nay,Nay,Nay,Nay,Yea,Nay,Nay,Yea,Nay,Yea,Nay,Yea,Nay,Nay,Nay,1790-07-09,0,,unknown,s12,,,,unknown
Yea,Nay,Nay,Yea,,Nay,Yea,Not Voting,Nay,Nay,Nay,Nay,Nay,Nay,Nay,Nay,Yea,Yea,Nay,Yea,Not Voting,Yea,Yea,Nay,Yea,Nay,Yea,Nay,Not Voting,Yea,Nay,Yea,Nay,Yea,Yea,Nay,Nay,Nay,Not Voting,Nay,Nay,Nay,Yea,Yea,Nay,Yea,Nay,Nay,Yea,Yea,Nay,Nay,Nay,Nay,Nay,Yea,Nay,Nay,Nay,Nay,Yea,Nay,Yea,Nay,Nay,Nay,1790-07-09,0,,unknown,s12,,,,unknown
Yea,Nay,Nay,Yea,,Nay,Yea,Not Voting,Nay,Nay,Nay,Nay,Nay,Nay,Nay,Nay,Yea,Yea,Nay,Yea,Not Voting,Nay,Yea,Nay,Yea,Nay,Yea,Nay,Not Voting,Yea,Nay,Yea,Nay,Yea,Yea,Nay,Nay,Nay,Not Voting,Nay,Nay,Nay,Yea,Yea,Nay,Yea,Yea,Nay,Nay,Yea,Nay,Yea,Yea,Nay,Nay,Yea,Nay,Yea,Yea,Nay,Yea,Nay,Yea,Nay,Nay,Nay,1790-07-09,0,,unknown,s12,,,,unknown
Yea,Nay,Nay,Yea,,Nay,Yea,Not Voting,Nay,Not Voting,Nay,Nay,Nay,Nay,Nay,Nay,Yea,Yea,Nay,Yea,Not Voting,Nay,Yea,Nay,Yea,Nay,Yea,Nay,Not Voting,Yea,Nay,Yea,Nay,Yea,Yea,Nay,Nay,Nay,Not Voting,Nay,Nay,Nay,Yea,Yea,Nay,Yea,Yea,Nay,Yea,Yea,Nay,Yea,Yea,Nay,Nay,Yea,Nay,Yea,Yea,Nay,Yea,Nay,Yea,Nay,Nay,Nay,1790-07-09,0,,unknown,s12,,,,unknown
Yea,Nay,Nay,Yea,,Nay,Yea,Not Voting,Nay,Nay,Nay,Nay,Nay,Nay,Nay,Nay,Yea,Yea,Nay,Yea,Not Voting,Nay,Yea,Nay,Yea,Nay,Yea,Nay,Not Voting,Yea,Nay,Yea,Nay,Yea,Yea,Nay,Nay,Nay,Not Voting,Nay,Nay,Nay,Yea,Yea,Nay,Yea,Yea,Nay,Yea,Yea,Nay,Yea,Yea,Nay,Nay,Yea,Nay,Yea,Yea,Nay,Yea,Nay,Yea,Nay,Nay,Nay,1790-07-09,0,,unknown,s12,,,,unknown
Yea,Nay,Nay,Yea,,Not Voting,Yea,Not Voting,Nay,Yea,Nay,Nay,Nay,Nay,Nay,Nay,Yea,Yea,Nay,Yea,Not Voting,Nay,Not Voting,Nay,Yea,Nay,Yea,Nay,Not Voting,Yea,Nay,Yea,Nay,Yea,Yea,Nay,Nay,Nay,Not Voting,Nay,Nay,Nay,Yea,Yea,Nay,Yea,Yea,Nay,Yea,Yea,Nay,Yea,Yea,Nay,Nay,Yea,Nay,Yea,Yea,Nay,Yea,Nay,Yea,Nay,Nay,Nay,1790-07-09,0,,unknown,s12,,,,unknown
Yea,Nay,Not Voting,Yea,,Not Voting,Yea,Not Voting,Nay,Yea,Nay,Nay,Nay,Nay,Nay,Nay,Yea,Yea,Nay,Yea,Not Voting,Nay,Not Voting,Nay,Yea,Nay,Yea,Nay,Not Voting,Yea,Nay,Yea,Nay,Yea,Yea,Nay,Nay,Nay,Not Voting,Nay,Nay,Nay,Not Voting,Yea,Nay,Yea,Yea,Nay,Yea,Yea,Nay,Yea,Yea,Nay,Nay,Yea,Nay,Yea,Yea,Nay,Yea,Nay,Yea,Nay,Nay,Nay,1790-07-09,0,,unknown,s12,,,,unknown
Yea,Nay,Nay,Yea,,Yea,Yea,Not Voting,Nay,Yea,Nay,Nay,Nay,Nay,Nay,Nay,Yea,Yea,Nay,Yea,Not Voting,Nay,Nay,Nay,Yea,Nay,Yea,Nay,Not Voting,Yea,Nay,Yea,Nay,Yea,Yea,Nay,Nay,Nay,Not Voting,Nay,Nay,Nay,Yea,Yea,Nay,Yea,Yea,Nay,Yea,Yea,Nay,Yea,Yea,Nay,Nay,Yea,Nay,Yea,Yea,Yea,Yea,Nay,Yea,Nay,Nay,Nay,1790-07-09,0,,unknown,s12,,,,unknown
Yea,Nay,Nay,Yea,,Yea,Yea,Not Voting,Nay,Yea,Nay,Nay,Nay,Nay,Nay,Nay,Yea,Yea,Nay,Yea,Not Voting,Nay,Not Voting,Nay,Yea,Nay,Yea,Nay,Not Voting,Yea,Nay,Yea,Nay,Yea,Yea,Nay,Nay,Nay,Not Voting,Nay,Nay,Nay,Yea,Yea,Nay,Yea,Yea,Nay,Yea,Yea,Nay,Yea,Yea,Nay,Nay,Yea,Nay,Yea,Yea,Yea,Yea,Nay,Yea,Nay,Nay,Nay,1790-07-09,0,,unknown,s12,,,,unknown
Yea,Nay,Nay,Yea,,Yea,Yea,Not Voting,Nay,Yea,Nay,Nay,Nay,Nay,Nay,Nay,Yea,Yea,Nay,Yea,Not Voting,Nay,Nay,Nay,Yea,Nay,Yea,Nay,Yea,Nay,Yea,Nay,Yea,Yea,Nay,Nay,Nay,Not Voting,Nay,Nay,Nay,Yea,Not Voting,Yea,Nay,Yea,Yea,Nay,Yea,Yea,Nay,Yea,Yea,Nay,Nay,Yea,Nay,Yea,Yea,Yea,Yea,Nay,Yea,Nay,Nay,Nay,1790-07-09,0,,unknown,s12,,,,unknown
Yea,Nay,Nay,Yea,,Nay,Yea,Not Voting,Nay,Yea,Nay,Nay,Nay,Nay,Nay,Nay,Yea,Yea,Nay,Yea,Not Voting,Nay,Not Voting,Nay,Yea,Nay,Yea,Nay,Not Voting,Yea,Nay,Yea,Nay,Yea,Yea,Nay,Nay,Nay,Not Voting,Nay,Nay,Nay,Yea,Not Voting,Nay,Yea,Yea,Nay,Yea,Yea,Nay,Yea,Yea,Nay,Nay,Yea,Nay,Yea,Yea,Yea,Yea,Nay,Yea,Nay,Nay,Nay,1790-07-09,0,,unknown,s12,,,,unknown
Nay,Nay,Nay,Yea,,Yea,Nay,Not Voting,Nay,Nay,Nay,Nay,Nay,Nay,Nay,Nay,Yea,Nay,Nay,Yea,Not Voting,Nay,Nay,Nay,Yea,Nay,Nay,Nay,Not Voting,Nay,Nay,Yea,Nay,Nay,Nay,Nay,Nay,Nay,Not Voting,Nay,Nay,Nay,Nay,Nay,Nay,Nay,Yea,Nay,Nay,Yea,Nay,Yea,Yea,Nay,Nay,Nay,Nay,Yea,Nay,Yea,Yea,Nay,Nay,Nay,Nay,Nay,1790-07-09,0,,unknown,s12,,,,unknown
Nay,Yea,Yea,Nay,,Yea,Nay,Not Voting,Yea,Nay,Yea,Yea,Yea,Yea,Yea,Yea,Nay,Nay,Yea,Nay,Not Voting,Nay,Nay,Yea,Nay,Yea,Nay,Yea,Not Voting,Nay,Yea,Nay,Yea,Nay,Nay,Yea,Yea,Yea,Not Voting,Yea,Yea,Yea,Nay,Nay,Yea,Nay,Nay,Yea,Nay,Nay,Yea,Nay,Nay,Yea,Yea,Nay,Yea,Nay,Nay,Nay,Nay,Yea,Nay,Yea,Yea,Yea,1790-07-09,0,,unknown,s12,,,,unknown
Nay,Yea,Yea,Nay,,Yea,Not Voting,Not Voting,Yea,Yea,Yea,Yea,Yea,Yea,Yea,Yea,Yea,Nay,Nay,Nay,Not Voting,Yea,Nay,Not Voting,Nay,Yea,Not Voting,Yea,Not Voting,Yea,Yea,Yea,Not Voting,Nay,Yea,Yea,Yea,Yea,Not Voting,Yea,Yea,Yea,Nay,Not Voting,Yea,Nay,Yea,Yea,Yea,Yea,Yea,Nay,Nay,Yea,Not Voting,Yea,Yea,Nay,Nay,Yea,Yea,Yea,Nay,Yea,Yea,Yea,1790-07-19,0,,unknown,,,,,unknown
Nay,Yea,Yea,Nay,,Yea,Nay,Not Voting,Yea,Yea,Nay,Not Voting,Yea,Yea,Yea,Yea,Yea,Nay,Yea,Yea,Not Voting,Nay,Nay,Yea,Nay,Yea,Not Voting,Yea,Not Voting,Yea,Yea,Nay,Not Voting,Nay,Yea,Yea,Yea,Not Voting,Not Voting,Yea,Yea,Yea,Nay,Nay,Yea,Nay,Yea,Yea,Yea,Yea,Not Voting,Nay,Nay,Yea,Yea,Yea,Yea,Nay,Nay,Yea,Nay,Yea,Nay,Yea,Not Voting,Nay,1790-07-22,0,,unknown,hr74,,,,unknown
Nay,Yea,Yea,Nay,,Yea,Nay,Not Voting,Yea,Nay,Nay,Nay,Nay,Yea,Yea,Nay,Yea,Nay,Nay,Nay,Not Voting,Yea,Nay,Yea,Nay,Yea,Yea,Yea,Not Voting,Nay,Yea,Nay,Nay,Nay,Yea,Yea,Yea,Yea,Not Voting,Yea,Yea,Yea,Nay,Nay,Yea,Nay,Yea,Yea,Nay,Nay,Nay,Yea,Nay,Yea,Yea,Nay,Yea,Nay,Nay,Nay,Yea,Nay,Nay,Nay,Yea,Nay,1790-07-24,0,,unknown,,,,,unknown
Nay,Yea,Nay,Nay,,Yea,Nay,Not Voting,Yea,Nay,Nay,Nay,Nay,Yea,Nay,Nay,Nay,Nay,Nay,Nay,Not Voting,Nay,Nay,Nay,Nay,Nay,Nay,Not Voting,Nay,Nay,Yea,Not Voting,Nay,Nay,Nay,Yea,Yea,Nay,Not Voting,Yea,Yea,Yea,Nay,Nay,Yea,Nay,Yea,Nay,Nay,Nay,Nay,Nay,Nay,Yea,Nay,Nay,Yea,Nay,Nay,Nay,Nay,Nay,Nay,Nay,Yea,Nay,1790-07-26,0,,unknown,,,,,unknown
Nay,Nay,Yea,Nay,,Yea,Nay,Not Voting,Yea,Nay,Nay,Nay,Nay,Yea,Yea,Nay,Nay,Nay,Nay,Nay,Not Voting,Yea,Nay,Nay,Nay,Nay,Nay,Nay,Not Voting,Nay,Yea,Nay,Nay,Nay,Yea,Nay,Yea,Yea,Not Voting,Nay,Nay,Nay,Nay,Nay,Not Voting,Nay,Nay,Yea,Nay,Nay,Nay,Nay,Nay,Nay,Nay,Nay,Nay,Nay,Nay,Nay,Yea,Nay,Nay,Nay,Yea,Nay,1790-07-26,0,,unknown,,,,,unknown
Yea,Nay,Nay,Yea,,Nay,Yea,Not Voting,Nay,Yea,Yea,Yea,Yea,Nay,Nay,Yea,Nay,Yea,Yea,Yea,Not Voting,Nay,Yea,Nay,Yea,Nay,Nay,Nay,Yea,Yea,Nay,Yea,Yea,Yea,Nay,Nay,Nay,Nay,Not Voting,Nay,Nay,Nay,Yea,Yea,Nay,Yea,Nay,Nay,Yea,Yea,Yea,Nay,Yea,Nay,Nay,Yea,Yea,Yea,Yea,Yea,Nay,Yea,Yea,Yea,Nay,Yea,1790-07-26,0,,unknown,,,,,unknown
Nay,Yea,Yea,Nay,,Nay,Not Voting,Not Voting,Yea,Yea,Yea,Yea,Yea,Nay,Nay,Yea,Yea,Nay,Yea,Nay,Not Voting,Nay,Yea,Yea,Yea,Yea,Nay,Yea,Yea,Yea,Nay,Nay,Yea,Yea,Yea,Nay,Nay,Nay,Not Voting,Yea,Nay,Nay,Yea,Nay,Yea,Yea,Nay,Nay,Yea,Nay,Yea,Nay,Yea,Nay,Yea,Nay,Nay,Yea,Nay,Yea,Nay,Yea,Not Voting,Nay,Yea,Yea,1790-07-29,0,,unknown,,,,,unknown
Nay,Yea,Yea,Nay,,Nay,Not Voting,Not Voting,Yea,Yea,Yea,Yea,Yea,Nay,Nay,Yea,Yea,Nay,Yea,Nay,Not Voting,Nay,Yea,Nay,Yea,Yea,Nay,Yea,Yea,Yea,Nay,Nay,Yea,Yea,Yea,Nay,Nay,Nay,Not Voting,Yea,Nay,Nay,Yea,Yea,Yea,Yea,Nay,Nay,Yea,Yea,Yea,Nay,Yea,Nay,Yea,Nay,Nay,Yea,Nay,Yea,Nay,Nay,Not Voting,Nay,Yea,Yea,1790-07-29,0,,unknown,,,,,unknown
Yea,Yea,Yea,Yea,,Yea,Nay,Not Voting,Yea,Yea,Nay,Yea,Yea,Yea,Not Voting,Yea,Nay,Nay,Yea,Nay,Not Voting,Yea,Not Voting,Yea,Yea,Yea,Nay,Yea,Not Voting,Yea,Nay,Nay,Yea,Not Voting,Nay,Yea,Yea,Yea,Not Voting,Yea,Yea,Yea,Yea,Nay,Yea,Not Voting,Yea,Yea,Nay,Nay,Nay,Nay,Nay,Nay,Yea,Nay,Yea,Nay,Yea,Yea,Nay,Not Voting,Yea,Yea,Not Voting,Yea,1790-08-04,0,,unknown,hr94,,,,unknown
Nay,Nay,Nay,Yea,,Yea,Not Voting,Not Voting,Nay,Yea,Nay,Nay,Nay,Nay,Not Voting,Nay,Yea,Yea,Nay,Yea,Not Voting,Nay,Nay,Not Voting,Yea,Nay,Yea,Nay,Yea,Yea,Nay,Yea,Nay,Yea,Yea,Nay,Nay,Nay,Not Voting,Nay,Nay,Nay,Nay,Yea,Nay,Not Voting,Nay,Yea,Nay,Yea,Nay,Yea,Yea,Nay,Nay,Yea,Nay,Yea,Yea,Nay,Yea,Nay,Yea,Nay,Nay,Nay,1790-08-05,0,,unknown,,,,,unknown
Nay,Yea,Yea,Nay,,Yea,Nay,Not Voting,Yea,Yea,Nay,Nay,Nay,Yea,Not Voting,Nay,Nay,Yea,Nay,Nay,Not Voting,Not Voting,Yea,Nay,Yea,Nay,Yea,Not Voting,Yea,Nay,Yea,Nay,Nay,Yea,Nay,Yea,Yea,Yea,Not Voting,Yea,Nay,Nay,Yea,Nay,Yea,Not Voting,Yea,Yea,Nay,Nay,Nay,Nay,Yea,Yea,Nay,Nay,Yea,Yea,Nay,Yea,Nay,Nay,Nay,Yea,Yea,Nay,1790-08-06,0,,unknown,,,,,unknown
Nay,Yea,Nay,Nay,,Yea,Nay,Not Voting,Nay,Nay,Nay,Nay,Not Voting,Not Voting,Not Voting,Nay,Yea,Nay,Not Voting,Nay,Nay,Nay,Nay,Nay,Yea,Not Voting,Nay,Nay,Not Voting,Nay,Not Voting,Nay,Nay,Not Voting,Yea,Nay,Nay,Nay,Not Voting,Nay,Not Voting,Nay,Nay,Not Voting,Nay,Nay,Nay,Nay,Nay,Nay,Nay,Nay,Nay,Not Voting,Nay,Nay,Not Voting,Yea,Nay,Yea,Nay,Not Voting,Nay,Nay,Yea,Nay,1790-12-29,0,,unknown,hr10,,,,unknown
Nay,Not Voting,Yea,Nay,,Yea,Nay,Nay,Yea,Yea,Nay,Not Voting,Nay,Not Voting,Not Voting,Nay,Nay,Nay,Not Voting,Not Voting,Nay,Nay,Nay,Nay,Nay,Not Voting,Not Voting,Yea,Not Voting,Not Voting,Yea,Nay,Nay,Nay,Nay,Nay,Yea,Yea,Not Voting,Yea,Not Voting,Yea,Nay,Nay,Yea,Nay,Nay,Yea,Nay,Nay,Nay,Nay,Nay,Yea,Yea,Nay,Not Voting,Nay,Nay,Yea,Nay,Nay,Nay,Nay,Yea,Nay,1791-01-17,0,,unknown,hr110,,,,unknown
Nay,Yea,Yea,Nay,,Yea,Nay,Nay,Yea,Yea,Nay,Nay,Nay,Not Voting,Not Voting,Nay,Yea,Nay,Nay,Yea,Nay,Nay,Nay,Nay,Yea,Nay,Yea,Yea,Not Voting,Nay,Yea,Nay,Nay,Nay,Yea,Nay,Yea,Yea,Not Voting,Nay,Not Voting,Yea,Not Voting,Nay,Nay,Nay,Yea,Nay,Nay,Yea,Nay,Nay,Nay,Nay,Yea,Nay,Not Voting,Nay,Nay,Yea,Yea,Nay,Nay,Yea,Nay,Nay,1791-01-21,0,,unknown,hr110,,,,unknown
Nay,Yea,Yea,Nay,,Yea,Nay,Nay,Yea,Yea,Nay,Not Voting,Nay,Not Voting,Not Voting,Nay,Nay,Nay,Nay,Nay,Yea,Nay,Nay,Nay,Nay,Yea,Nay,Yea,Not Voting,Nay,Yea,Nay,Nay,Nay,Nay,Nay,Yea,Yea,Not Voting,Yea,Not Voting,Yea,Nay,Nay,Yea,Nay,Yea,Yea,Nay,Nay,Nay,Nay,Nay,Yea,Nay,Nay,Not Voting,Nay,Nay,Yea,Nay,Nay,Nay,Nay,Yea,Nay,1791-01-24,0,,unknown,hr110,,,,unknown
Yea,Nay,Nay,Yea,,Nay,Yea,Yea,Nay,Nay,Yea,Yea,Yea,Not Voting,Not Voting,Yea,Yea,Yea,Yea,Yea,Nay,Yea,Yea,Nay,Yea,Nay,Nay,Nay,Not Voting,Yea,Nay,Yea,Yea,Yea,Yea,Yea,Nay,Not Voting,Not Voting,Nay,Not Voting,Nay,Yea,Yea,Yea,Yea,Nay,Nay,Yea,Yea,Yea,Not Voting,Not Voting,Nay,Nay,Yea,Not Voting,Yea,Yea,Nay,Nay,Yea,Yea,Yea,Not Voting,Yea,1791-01-25,0,,unknown,hr110,,,,unknown
Yea,Nay,Nay,Yea,,Nay,Yea,Yea,Nay,Nay,Yea,Yea,Yea,Not Voting,Not Voting,Yea,Yea,Yea,Not Voting,Yea,Nay,Yea,Yea,Yea,Yea,Nay,Nay,Nay,Not Voting,Yea,Nay,Yea,Yea,Yea,Yea,Yea,Nay,Nay,Not Voting,Nay,Not Voting,Nay,Yea,Yea,Not Voting,Yea,Nay,Not Voting,Yea,Yea,Yea,Nay,Yea,Nay,Nay,Yea,Not Voting,Yea,Yea,Nay,Nay,Yea,Yea,Yea,Nay,Yea,1791-01-27,0,,unknown,hr110,,,,unknown
Nay,Yea,Yea,Nay,,Yea,Nay,Yea,Yea,Yea,Nay,Yea,Nay,Not Voting,Yea,Nay,Nay,Nay,Yea,Nay,Yea,Nay,Nay,Not Voting,Yea,Nay,Nay,Nay,Not Voting,Nay,Yea,Nay,Yea,Nay,Nay,Yea,Yea,Yea,Not Voting,Nay,Not Voting,Yea,Nay,Nay,Nay,Not Voting,Nay,Not Voting,Nay,Nay,Nay,Yea,Yea,Nay,Yea,Nay,Not Voting,Nay,Nay,Yea,Nay,Nay,Nay,Yea,Yea,Nay,1791-02-01,0,,unknown,s17,,,,unknown
Nay,Not Voting,Yea,Nay,,Yea,Nay,Nay,Yea,Yea,Nay,Yea,Nay,Not Voting,Yea,Nay,Nay,Nay,Yea,Nay,Yea,Nay,Nay,Nay,Yea,Nay,Nay,Nay,Not Voting,Nay,Yea,Nay,Yea,Nay,Nay,Yea,Yea,Yea,Not Voting,Nay,Not Voting,Nay,Nay,Nay,Nay,Nay,Nay,Yea,Nay,Nay,Nay,Nay,Yea,Yea,Yea,Nay,Not Voting,Nay,Nay,Yea,Nay,Nay,Nay,Yea,Yea,Nay,1791-02-03,0,,unknown,s17,,,,unknown
Yea,Nay,Nay,Yea,,Nay,Yea,Yea,Nay,Nay,Yea,Nay,Yea,Not Voting,Nay,Yea,Yea,Yea,Nay,Yea,Nay,Yea,Yea,Not Voting,Nay,Yea,Yea,Yea,Not Voting,Yea,Nay,Yea,Nay,Yea,Yea,Nay,Nay,Nay,Not Voting,Yea,Not Voting,Nay,Yea,Yea,Yea,Yea,Yea,Yea,Yea,Yea,Yea,Yea,Yea,Yea,Nay,Yea,Not Voting,Yea,Yea,Nay,Yea,Not Voting,Yea,Nay,Nay,Yea,1791-02-08,0,,unknown,s17,,,,unknown
Yea,Nay,Nay,Yea,,Nay,Yea,Yea,Nay,Nay,Yea,Nay,Yea,Not Voting,Nay,Yea,Yea,Yea,Nay,Yea,Nay,Yea,Yea,Not Voting,Nay,Yea,Yea,Yea,Not Voting,Yea,Nay,Yea,Nay,Yea,Yea,Nay,Nay,Nay,Not Voting,Yea,Not Voting,Nay,Yea,Yea,Yea,Yea,Yea,Yea,Yea,Yea,Yea,Yea,Yea,Yea,Nay,Yea,Not Voting,Yea,Yea,Nay,Yea,Yea,Yea,Nay,Nay,Yea,1791-02-08,0,,unknown,s17,,,,unknown
Yea,Yea,Yea,Nay,,Yea,Yea,Yea,Nay,Yea,Yea,Yea,Nay,Not Voting,Nay,Yea,Nay,Nay,Yea,Yea,Yea,Yea,Yea,Yea,Not Voting,Nay,Yea,Yea,Not Voting,Nay,Yea,Nay,Yea,Nay,Yea,Yea,Yea,Yea,Not Voting,Nay,Not Voting,Not Voting,Nay,Not Voting,Nay,Nay,Nay,Yea,Yea,Nay,Yea,Yea,Nay,Not Voting,Nay,Not Voting,Yea,Yea,Nay,Yea,Nay,Nay,Not Voting,Yea,Yea,Yea,1791-02-15,0,,unknown,hr114,,,,unknown
Yea,Nay,Yea,Yea,,Nay,Nay,Yea,Not Voting,Nay,Yea,Yea,Yea,Not Voting,Yea,Yea,Nay,Yea,Yea,Yea,Yea,Yea,Yea,Yea,Not Voting,Nay,Nay,Nay,Not Voting,Yea,Not Voting,Yea,Yea,Yea,Nay,Yea,Nay,Nay,Not Voting,Nay,Not Voting,Nay,Nay,Yea,Nay,Yea,Yea,Yea,Yea,Yea,Yea,Yea,Yea,Nay,Not Voting,Yea,Yea,Nay,Yea,Nay,Nay,Not Voting,Yea,Nay,Nay,Yea,1791-02-18,0,,unknown,hr110,,,,unknown
Nay,Yea,Yea,Nay,,Yea,Yea,Yea,Yea,Yea,Nay,Yea,Nay,Not Voting,Yea,Nay,Yea,Nay,Not Voting,Nay,Yea,Yea,Nay,Yea,Yea,Yea,Yea,Yea,Not Voting,Nay,Yea,Nay,Yea,Nay,Yea,Not Voting,Yea,Yea,Not Voting,Yea,Not Voting,Yea,Nay,Nay,Yea,Not Voting,Yea,Yea,Nay,Yea,Nay,Yea,Nay,Not Voting,Not Voting,Nay,Yea,Nay,Nay,Yea,Yea,Yea,Not Voting,Yea,Not Voting,Nay,1791-02-19,0,,unknown,hr110,,,,unknown
Nay,Yea,Yea,Nay,,Yea,Yea,Yea,Yea,Yea,Nay,Yea,Nay,Not Voting,Yea,Nay,Yea,Nay,Nay,Nay,Yea,Not Voting,Nay,Yea,Yea,Yea,Yea,Yea,Not Voting,Nay,Yea,Nay,Yea,Nay,Yea,Yea,Yea,Yea,Not Voting,Yea,Not Voting,Yea,Nay,Nay,Yea,Nay,Yea,Nay,Nay,Yea,Nay,Yea,Nay,Yea,Yea,Nay,Yea,Nay,Nay,Yea,Yea,Yea,Nay,Yea,Yea,Nay,1791-02-22,0,,unknown,hr110,,,,unknown
Yea,Yea,Yea,Yea,,Not Voting,Yea,Yea,Yea,Yea,Yea,Not Voting,Yea,Not Voting,Yea,Yea,Yea,Yea,Yea,Nay,Yea,Yea,Yea,Yea,Yea,Not Voting,Not Voting,Not Voting,Not Voting,Yea,Yea,Yea,Yea,Yea,Yea,Yea,Yea,Yea,Not Voting,Yea,Not Voting,Yea,Yea,Yea,Nay,Yea,Yea,Not Voting,Yea,Yea,Yea,Yea,Yea,Yea,Yea,Yea,Yea,Yea,Yea,Yea,Yea,Yea,Yea,Yea,Yea,Yea,1791-02-24,0,,unknown,,,,,unknown
Yea,Nay,Nay,Yea,,Nay,Yea,Yea,Nay,Nay,Yea,Nay,Yea,Not Voting,Nay,Yea,Nay,Yea,Yea,Yea,Nay,Yea,Yea,Nay,Nay,Yea,Not Voting,Not Voting,Not Voting,Yea,Nay,Yea,Nay,Yea,Nay,Nay,Nay,Nay,Not Voting,Nay,Not Voting,Nay,Yea,Yea,Yea,Yea,Nay,Yea,Yea,Nay,Yea,Nay,Yea,Nay,Nay,Yea,Nay,Yea,Yea,Nay,Nay,Yea,Yea,Nay,Nay,Yea,1791-02-24,0,,unknown,hr110,,,,unknown
Yea,Nay,Nay,Yea,,Nay,Nay,Nay,Nay,Yea,Yea,Yea,Yea,Not Voting,Nay,Yea,Yea,Nay,Not Voting,Yea,Yea,Nay,Not Voting,Yea,Nay,Yea,Yea,Not Voting,Not Voting,Yea,Nay,Yea,Not Voting,Nay,Nay,Not Voting,Nay,Not Voting,Yea,Not Voting,Not Voting,Nay,Not Voting,Nay,Yea,Yea,Nay,Not Voting,Nay,Not Voting,Nay,Nay,Nay,Not Voting,Yea,Nay,Nay,Nay,Yea,Nay,Yea,Not Voting,Yea,Nay,Nay,Yea,1791-02-28,0,,unknown,hr135,,,,unknown
Yea,Nay,Nay,Yea,,Nay,Nay,Yea,Nay,Yea,Yea,Yea,Yea,Not Voting,Yea,Yea,Nay,Yea,Yea,Yea,Nay,Nay,Not Voting,Yea,Nay,Yea,Nay,Not Voting,Not Voting,Yea,Nay,Yea,Yea,Nay,Yea,Yea,Not Voting,Nay,Not Voting,Nay,Not Voting,Nay,Nay,Nay,Yea,Yea,Yea,Not Voting,Yea,Nay,Nay,Yea,Yea,Not Voting,Nay,Yea,Nay,Nay,Yea,Not Voting,Nay,Not Voting,Yea,Yea,Not Voting,Yea,1791-03-01,0,,unknown,hr126,,,,unknown
Nay,Yea,Yea,Nay,,Yea,Nay,Not Voting,Yea,Yea,Yea,Yea,Yea,Not Voting,Yea,Yea,Nay,Nay,Yea,Yea,Yea,Nay,Not Voting,Yea,Nay,Nay,Yea,Not Voting,Not Voting,Nay,Yea,Yea,Yea,Nay,Nay,Yea,Yea,Yea,Not Voting,Nay,Not Voting,Yea,Nay,Yea,Yea,Nay,Nay,Not Voting,Yea,Yea,Yea,Yea,Yea,Yea,Yea,Nay,Yea,Nay,Yea,Yea,Nay,Yea,Yea,Yea,Yea,Yea,1791-03-01,0,,unknown,,,,,unknown
Nay,Yea,Yea,Yea,,Not Voting,Yea,Nay,Yea,Yea,Yea,Yea,Yea,Not Voting,Yea,Yea,Yea,Nay,Not Voting,Not Voting,Yea,Yea,Not Voting,Not Voting,Not Voting,Yea,Nay,Not Voting,Not Voting,Yea,Yea,Yea,Yea,Nay,Nay,Yea,Not Voting,Not Voting,Not Voting,Yea,Not Voting,Not Voting,Nay,Nay,Yea,Nay,Yea,Yea,Nay,Nay,Not Voting,Yea,Yea,Not Voting,Not Voting,Not Voting,Yea,Nay,Yea,Yea,Nay,Yea,Yea,Yea,Nay,Yea,1791-03-02,0,,unknown,hr138,,,,unknown
Not Voting,Nay,Nay,Not Voting,,Not Voting,Yea,Not Voting,Not Voting,Nay,Yea,Not Voting,Yea,Not Voting,Yea,Yea,Yea,Nay,Yea,Not Voting,Nay,Yea,Not Voting,Yea,Not Voting,Yea,Nay,Nay,Not Voting,Nay,Nay,Yea,Yea,Nay,Nay,Not Voting,Not Voting,Nay,Not Voting,Yea,Not Voting,Not Voting,Nay,Nay,Yea,Yea,Yea,Yea,Nay,Yea,Nay,Yea,Yea,Yea,Not Voting,Not Voting,Nay,Not Voting,Yea,Nay,Nay,Yea,Yea,Nay,Nay,Yea,1791-03-03,0,,unknown,,,,,unknown
Not Voting,Not Voting,Nay,Not Voting,,Not Voting,Nay,Nay,Nay,Nay,Yea,Yea,Yea,Not Voting,Nay,Yea,Yea,Nay,Yea,Not Voting,Yea,Nay,Not Voting,Yea,Not Voting,Yea,Yea,Yea,Not Voting,Yea,Nay,Yea,Yea,Nay,Nay,Nay,Not Voting,Not Voting,Not Voting,Nay,Not Voting,Not Voting,Nay,Nay,Yea,Yea,Not Voting,Not Voting,Yea,Yea,Nay,Nay,Nay,Not Voting,Not Voting,Not Voting,Nay,Not Voting,Yea,Not Voting,Not Voting,Nay,Not Voting,Nay,Nay,Yea,1791-03-03,0,,unknown,hr135,,,,unknown
Not Voting,Nay,Nay,Not Voting,,Nay,Nay,Not Voting,Not Voting,Not Voting,Yea,Not Voting,Yea,Not Voting,Nay,Yea,Yea,Nay,Yea,Not Voting,Yea,Not Voting,Not Voting,Yea,Not Voting,Yea,Yea,Not Voting,Not Voting,Yea,Nay,Yea,Yea,Nay,Nay,Not Voting,Nay,Not Voting,Not Voting,Yea,Not Voting,Not Voting,Yea,Nay,Yea,Yea,Nay,Yea,Yea,Yea,Nay,Nay,Nay,Nay,Not Voting,Not Voting,Nay,Not Voting,Yea,Not Voting,Nay,Yea,Yea,Nay,Nay,Yea,1791-03-03,0,,unknown,hr135,,,,unknown
